timestamp,equity,realised_pnl,unrealised_pnl,qty_next_bar,mu_cal,sigma_sq,var_down,residual,position_size,open,close,cluster_id,notional_abs,adv_used,cum_return,mu,ret1m,regime
1998-08-26 12:14:00,100000.0,0.0,0.0,0,0.00012129550580369839,4.969148421986976e-05,1.5749416275084936e-05,5.789850234985352,0.030564161000131117,4.5695,4.5695,10,0.0,,0.0,0.00012129550580369839,-0.008075281759492126,CHOPPY
1998-08-26 13:04:00,100000.0,0.0,0.0,0,0.0003672723126192199,4.956256438778152e-05,1.6561115455530823e-05,2.723834276199341,0.09024920753024959,4.5326,4.5326,24,0.0,,0.0,0.0003672723126192199,-0.01625998323258182,CHOPPY
1998-08-26 14:03:00,100000.0,0.0,0.0,0,0.00047472649505900846,4.863621495929876e-05,1.750460940800321e-05,1.6098350286483765,0.11346639543141827,4.4589,4.4589,48,0.0,,0.0,0.00047472649505900846,0.008275583664132391,CHOPPY
1998-08-26 14:18:00,100000.0,0.0,0.0,0,0.0007468307376078574,4.9533950819566535e-05,1.6507044167122928e-05,0.8154182434082031,0.18381778447182956,4.4958,4.4958,24,0.0,,0.0,0.0007468307376078574,0.008185417500778502,CHOPPY
1998-08-26 15:39:00,100000.0,0.0,0.0,0,-0.0002271964550455788,4.3950885196288195e-05,6.927766529405474e-06,0.49902912974357605,0.0,4.5326,4.5695,24,0.0,,0.0,-0.0002271964550455788,-0.05689891011781323,CHOPPY
1998-08-27 11:59:00,100000.0,0.0,0.0,0,-0.0006012754950985426,4.688078621526672e-05,1.887690080534951e-05,1.9741036891937256,0.0,4.2747,4.3484,63,0.0,,0.0,-0.0006012754950985426,0.0,CHOPPY
1998-08-27 12:00:00,100000.0,0.0,0.0,0,0.0001536595406120985,4.749759485133843e-05,2.1478762175111486e-05,1.9082883596420288,0.03315544839781716,4.2747,4.2747,63,0.0,,0.0,0.0001536595406120985,0.017240975974922135,CHOPPY
1998-08-27 13:46:00,100000.0,0.0,0.0,0,3.760165930913197e-05,4.489156048883919e-05,1.83758035572429e-05,1.9031565189361572,0.008771701420417962,4.3484,4.3115,56,0.0,,0.0,3.760165930913197e-05,-0.05084628828994564,CHOPPY
1998-08-27 14:16:00,100000.0,0.0,0.0,0,-0.00015263558222849025,4.77548556598906e-05,1.0860980992320755e-05,4.824692249298096,0.0,4.1273,4.1273,63,0.0,,0.0,-0.00015263558222849025,0.0,CHOPPY
1998-08-27 14:34:00,100000.0,0.0,0.0,0,-0.00023331199780097584,4.735557229459066e-05,1.116033080240657e-05,1.9777894020080566,0.0,4.1273,4.1273,63,0.0,,0.0,-0.00023331199780097584,0.008916240641581696,CHOPPY
1998-08-28 09:58:00,100000.0,0.0,0.0,0,3.648905194880873e-05,4.4970515824033984e-05,1.8430832654977317e-05,2.0642378330230713,0.00849943587597069,4.1641,4.201,56,0.0,,0.0,3.648905194880873e-05,0.008861458658533383,CHOPPY
1998-08-28 12:16:00,100000.0,0.0,0.0,0,0.00014178258644445253,4.4941058297742124e-05,1.8435048264103108e-05,1.0022680759429932,0.03302180093747507,4.201,4.201,56,0.0,,0.0,0.00014178258644445253,-0.008783622946917258,CHOPPY
1998-08-28 14:18:00,100000.0,0.0,0.0,0,-0.00018106310370603982,4.789492127162905e-05,9.302359865927906e-06,2.615149974822998,0.0,4.1641,4.1641,63,0.0,,0.0,-0.00018106310370603982,0.0,CHOPPY
1998-08-31 10:20:00,100000.0,0.0,0.0,0,-0.00015271033281429524,5.328481446114695e-05,2.0283416651768973e-05,0.8886964917182922,0.0,4.1641,4.1641,56,0.0,,0.0,-0.00015271033281429524,-0.00883744386542118,CHOPPY
1998-08-31 13:41:00,100000.0,0.0,0.0,0,0.0003745069139822422,4.235142318553852e-05,1.7617463314468548e-05,0.404815673828125,0.08922532773590652,4.1273,4.1273,56,0.0,,0.0,0.0003745069139822422,0.008916240641581696,CHOPPY
1998-08-31 13:52:00,100000.0,0.0,0.0,0,-0.00013202079116565044,5.1076892193764184e-05,1.8328166926976586e-05,0.6235208511352539,0.0,4.1641,4.1641,57,0.0,,0.0,-0.00013202079116565044,0.008861458658533383,CHOPPY
1998-08-31 14:17:00,100000.0,0.0,0.0,0,-0.0005859584595571663,4.100336295397953e-05,8.774806560337103e-06,0.7681412100791931,0.0,4.201,4.201,57,0.0,,0.0,-0.0005859584595571663,-0.09650083313496782,CHOPPY
1998-09-01 10:14:00,100000.0,0.0,0.0,0,-0.00011540919933009505,4.770684603393966e-05,9.395500838978348e-06,1.577627420425415,0.0,3.7956,3.8325,23,0.0,,0.0,-0.00011540919933009505,0.0,CHOPPY
1998-09-01 10:26:00,100000.0,0.0,0.0,0,-5.36973365160812e-05,4.767643780177429e-05,9.413512571555612e-06,1.63369619846344,0.0,3.7956,3.7956,23,0.0,,0.0,-5.36973365160812e-05,-0.009695436821582915,CHOPPY
1998-09-01 10:41:00,100000.0,0.0,0.0,0,0.00014800286791767005,5.209003977865577e-05,1.9271332133195755e-05,1.4436275959014893,0.033714308984949794,3.7588,3.7956,23,0.0,,0.0,0.00014800286791767005,0.01960732148558053,CHOPPY
1998-09-01 10:55:00,100000.0,0.0,0.0,13046,0.00046777814493305955,5.552783952134252e-05,1.870797285851539e-05,0.5451504588127136,0.10815000941647807,3.8325,3.8325,63,0.0,,0.0,0.00046777814493305955,-0.01923026744944556,CHOPPY
1998-09-01 13:00:00,99038.5098,0.0,-961.4902000000013,0,0.00026988193256970026,4.580413524031528e-05,1.923329877301439e-05,1.645559549331665,0.06153850228762367,3.7588,3.7588,23,49037.3048,,-0.009614902000000036,0.00026988193256970026,0.0,CHOPPY
1998-09-02 09:33:00,98557.1124,0.0,0.0,13110,0.0005608693759529288,5.526261613457574e-05,1.7001946139197193e-05,0.7044922113418579,0.1360230189759269,3.7588,3.7588,46,0.0,,-0.01442887599999998,0.0005608693759529288,-0.01960732148558053,CHOPPY
1998-09-02 12:07:00,98557.1124,0.0,0.0,0,0.0003668302695820754,4.719885750790496e-05,1.654206371851873e-05,0.523785412311554,0.09019247821698362,3.6851,3.6851,63,48311.661,,-0.01442887599999998,0.0003668302695820754,0.0,CHOPPY
1998-09-02 13:24:00,98557.1124,0.0,0.0,0,0.0003184239685606574,4.719499775084319e-05,1.6517720517853766e-05,0.7521200180053711,0.07834850137752039,3.6851,3.6851,46,0.0,,-0.01442887599999998,0.0003184239685606574,0.009986160484111828,CHOPPY
1998-09-02 14:15:00,98557.1124,0.0,0.0,0,0.0003119871938583374,4.803163539431791e-05,1.0689616629240475e-05,2.5422165393829346,0.09542357930283576,3.7219,3.7219,31,0.0,,-0.01442887599999998,0.0003119871938583374,-0.009887423090357172,CHOPPY
1998-09-02 14:32:00,98557.1124,0.0,0.0,0,0.0001834919027018475,4.8084376666660626e-05,1.7591026055116748e-05,1.1886385679244995,0.04374932109822848,3.6851,3.6482,46,0.0,,-0.01442887599999998,0.0001834919027018475,-0.010013296789774917,CHOPPY
1998-09-03 09:32:00,98557.1124,0.0,0.0,0,0.0002537878511337316,5.6492953499314675e-05,1.7352004070465755e-05,2.015425205230713,0.06092506594870479,3.6482,3.6482,46,0.0,,-0.01442887599999998,0.0002537878511337316,-0.010087166273778814,CHOPPY
1998-09-03 10:11:00,98557.1124,0.0,0.0,0,0.00018376675089013366,4.93099763767207e-05,1.8381191245118048e-05,0.8825510740280151,0.04286275776700863,3.6114,3.6114,27,0.0,,-0.01442887599999998,0.00018376675089013366,0.0,CHOPPY
1998-09-03 14:56:00,98557.1124,0.0,0.0,0,0.0005532869627949215,4.8997977587592235e-05,1.539818694129867e-05,1.0661588907241821,0.14099887350726445,3.6114,3.6114,24,0.0,,-0.01442887599999998,0.0005532869627949215,-0.01021764412693138,CHOPPY
1998-09-03 15:28:00,98557.1124,0.0,0.0,0,0.0006498054181116021,5.033934262177998e-05,1.620618784461575e-05,1.0994845628738403,0.16141462959185937,3.5745,3.5745,46,0.0,,-0.01442887599999998,0.0006498054181116021,-0.01029514617429006,CHOPPY
1998-09-04 09:45:00,98557.1124,0.0,0.0,0,2.134870411692594e-05,4.424997039710955e-05,8.54515048508358e-06,5.613569736480713,0.007303174208570294,3.5377,3.5377,31,0.0,,-0.01442887599999998,2.134870411692594e-05,-0.01043050569579107,CHOPPY
1998-09-04 10:38:00,98557.1124,0.0,0.0,0,0.0004252505546223224,5.248503075291866e-05,1.6745662302308882e-05,1.4087425470352173,0.10391870454565882,3.5008,3.5008,46,0.0,,-0.01442887599999998,0.0004252505546223224,-0.010511882998171851,CHOPPY
1998-09-04 10:57:00,98557.1124,0.0,0.0,0,0.0003797214275814965,5.353897831217225e-05,1.6387756545577122e-05,1.935057282447815,0.09380054313637812,3.464,3.464,48,0.0,,-0.01442887599999998,0.0003797214275814965,0.021275981524249366,CHOPPY
1998-09-04 12:48:00,98557.1124,0.0,0.0,0,-0.00018889074500346668,4.174771456154249e-05,6.7951552657308704e-06,0.7603594064712524,0.0,3.5377,3.5377,24,0.0,,-0.01442887599999998,-0.00018889074500346668,0.0,CHOPPY
1998-09-04 13:01:00,98557.1124,0.0,0.0,0,-2.8090619462715434e-05,4.151827645302355e-05,7.29168163705746e-06,0.6293165683746338,0.0,3.5377,3.5377,24,0.0,,-0.01442887599999998,-2.8090619462715434e-05,0.0,CHOPPY
1998-09-04 13:06:00,98557.1124,0.0,0.0,0,9.293530264571768e-05,4.305123995361854e-05,7.2155792155972324e-06,2.0793051719665527,0.03459753186130398,3.5377,3.5377,10,0.0,,-0.01442887599999998,9.293530264571768e-05,0.04166548887695387,CHOPPY
1998-09-04 15:48:00,98557.1124,0.0,0.0,0,-8.684233641667066e-05,4.9152114751137655e-05,1.7601034955582472e-05,1.186995267868042,0.0,3.6851,3.7219,35,0.0,,-0.01442887599999998,-8.684233641667066e-05,0.059998371821660346,CHOPPY
1998-09-08 09:36:00,98557.1124,0.0,0.0,0,0.0003737090098554678,5.326050562128591e-05,2.1316547910399496e-05,4.053684711456299,0.08094222363479764,3.9062,3.9062,51,0.0,,-0.01442887599999998,0.0003737090098554678,0.04715580359428584,CHOPPY
1998-09-08 09:48:00,98557.1124,0.0,0.0,0,0.0002526947107579653,9.258647576460878e-05,6.29961558853672e-05,5.077503204345703,0.031837512397862866,4.0904,4.0904,20,0.0,,-0.01442887599999998,0.0002526947107579653,0.009021122628593892,CHOPPY
1998-09-08 09:51:00,98557.1124,0.0,0.0,0,0.00026656362219854777,7.662231001924853e-05,6.420304268321633e-05,7.388838291168213,0.033267722936557435,4.1273,4.1273,51,0.0,,-0.01442887599999998,0.00026656362219854777,0.0,CHOPPY
1998-09-08 12:33:00,98557.1124,0.0,0.0,0,0.0005131594310520303,6.67524179859574e-05,2.2910949040236035e-05,2.4168922901153564,0.10720888399552342,4.1273,4.0536,51,0.0,,-0.01442887599999998,0.0005131594310520303,-0.026797179754318723,CHOPPY
1998-09-08 15:55:00,98557.1124,0.0,0.0,0,0.00033259540300371995,4.9792691883165927e-05,2.1001670889156675e-05,3.414407968521118,0.07257537991546029,4.0167,4.0536,51,0.0,,-0.01442887599999998,0.00033259540300371995,0.045883436651977805,CHOPPY
1998-09-09 10:47:00,98557.1124,0.0,0.0,0,0.0004428728997646047,8.567547148200083e-05,5.242742067536413e-05,4.416203022003174,0.06116456055356498,4.201,4.201,40,0.0,,-0.01442887599999998,0.0004428728997646047,-0.008783622946917258,CHOPPY
1998-09-09 12:15:00,98557.1124,0.0,0.0,0,0.0005375013262376546,7.164847078076851e-05,2.7072988739022034e-05,2.5932958126068115,0.10330264435231669,4.1641,4.1641,51,0.0,,-0.01442887599999998,0.0005375013262376546,0.008861458658533383,CHOPPY
1998-09-09 13:03:00,98557.1124,0.0,0.0,0,0.000196724104373456,4.958421071355886e-05,1.9633418243404645e-05,6.265871524810791,0.04439761261749784,4.201,4.201,33,0.0,,-0.01442887599999998,0.000196724104373456,-0.06141394905974762,CHOPPY
1998-09-10 12:24:00,98557.1124,0.0,0.0,0,-0.00010551975270655421,4.619109217976454e-05,1.8339061175592615e-05,1.3336896896362305,0.0,3.943,3.9799,56,0.0,,-0.01442887599999998,-0.00010551975270655421,0.009358356581283367,CHOPPY
1998-09-10 12:37:00,98557.1124,0.0,0.0,12381,0.0007233718562131135,5.161152307441419e-05,1.7378671007669186e-05,0.4492533206939697,0.17352151345701236,3.9799,3.9799,56,0.0,,-0.01442887599999998,0.0007233718562131135,-0.0037689389180632915,CHOPPY
1998-09-11 14:22:00,98371.3974,0.0,-185.71500000000154,0,-0.00012650084621245098,4.164947889661264e-05,6.784680396813082e-06,1.7037025690078735,0.0,3.9649,3.9649,24,49089.4269,,-0.016286025999999953,-0.00012650084621245098,0.05659663547630456,CHOPPY
1998-09-14 09:34:00,101149.6938,2592.5814000000005,0.0,0,-6.487863619202732e-05,5.2775334896456224e-05,1.4111812888988636e-05,1.046015977859497,0.0,4.1893,4.1893,7,0.0,,0.011496937999999846,-6.487863619202732e-05,0.03573389349055933,CHOPPY
1998-09-14 09:41:00,101149.6938,0.0,0.0,0,0.00010231072325248209,6.878769216498556e-05,2.694164018192293e-05,5.845726013183594,0.019711021828028863,4.339,4.339,51,0.0,,0.011496937999999846,0.00010231072325248209,0.04309748790043777,CHOPPY
1998-09-14 12:24:00,101149.6938,0.0,0.0,0,0.0002526701047463708,9.390724871233826e-05,6.650796317491132e-05,7.24931526184082,0.030982541245042287,4.526,4.526,20,0.0,,0.011496937999999846,0.0002526701047463708,-0.008263367211665873,CHOPPY
1998-09-14 14:02:00,101149.6938,0.0,0.0,0,0.0005338848908369615,5.562986108883063e-05,3.4203432222622335e-05,3.4580533504486084,0.09128780948032778,4.4886,4.4512,40,0.0,,0.011496937999999846,0.0005338848908369615,0.0,CHOPPY
1998-09-14 14:11:00,101149.6938,0.0,0.0,0,0.0007493490929634682,7.226880243459346e-05,3.3802709320104205e-05,1.704063892364502,0.12888679683104082,4.4886,4.4886,40,0.0,,0.011496937999999846,0.0007493490929634682,0.0,CHOPPY
1998-09-14 14:31:00,101149.6938,0.0,0.0,0,0.000758493629159863,7.19851080709312e-05,3.341774788137201e-05,1.6549336910247803,0.13120891620031247,4.4886,4.4886,40,0.0,,0.011496937999999846,0.000758493629159863,-0.008332219400258412,CHOPPY
1998-09-14 14:35:00,101149.6938,0.0,0.0,0,0.00094750028035965,7.089975204541965e-05,2.673046785211622e-05,1.0334932804107666,0.1832635381761142,4.4512,4.4512,51,0.0,,0.011496937999999846,0.00094750028035965,0.016804457225017888,CHOPPY
1998-09-14 14:49:00,101149.6938,0.0,0.0,0,0.00011718803302191237,5.535790130785076e-05,3.152495948548829e-05,6.362383842468262,0.020871612165274205,4.526,4.5634,51,0.0,,0.011496937999999846,0.00011718803302191237,0.02479010163499784,CHOPPY
1998-09-14 15:23:00,101149.6938,0.0,0.0,0,0.00024140237808307214,7.795024240083696e-05,6.272887409200983e-05,5.502943515777588,0.030479497149655272,4.6382,4.6382,40,0.0,,0.011496937999999846,0.00024140237808307214,-0.008063472898969581,CHOPPY
1998-09-14 15:55:00,101149.6938,0.0,0.0,0,0.0005268290409641165,6.0081295788363925e-05,4.3257394756190026e-05,3.7082624435424805,0.08010129309243928,4.6008,4.6382,40,0.0,,0.011496937999999846,0.0005268290409641165,-0.016258042079638324,CHOPPY
1998-09-15 10:49:00,101149.6938,0.0,0.0,0,-0.0003129273144072693,4.68265358297672e-05,8.902804503272933e-06,2.0162856578826904,0.0,4.526,4.526,7,0.0,,0.011496937999999846,-0.0003129273144072693,0.008263367211665873,CHOPPY
1998-09-15 11:03:00,101149.6938,0.0,0.0,0,-0.00011379774939008806,5.5431322098686744e-05,1.3744633671356407e-05,1.225620150566101,0.0,4.5634,4.6382,7,0.0,,0.011496937999999846,-0.00011379774939008806,0.024586930797212636,CHOPPY
1998-09-15 11:58:00,101149.6938,0.0,0.0,0,0.000372524683628626,5.3875515893090476e-05,1.8541060172088735e-05,1.2789156436920166,0.08651427501828132,4.6756,4.6382,7,0.0,,0.011496937999999846,0.000372524683628626,-0.02399692018136723,CHOPPY
1998-09-16 11:46:00,101149.6938,0.0,0.0,0,-0.0008342703895508072,4.643047993802673e-05,1.1585692297250949e-05,1.2078074216842651,0.0,4.5634,4.5634,17,0.0,,0.011496937999999846,-0.0008342703895508072,0.01639128719814198,CHOPPY
1998-09-16 13:25:00,101149.6938,0.0,0.0,0,-0.0006705525192810917,4.363291564357131e-05,9.053016285714942e-06,0.40673723816871643,0.0,4.6382,4.6382,7,0.0,,0.011496937999999846,-0.0006705525192810917,0.01612694579793872,CHOPPY
1998-09-16 13:43:00,101149.6938,0.0,0.0,0,0.00016258880994052008,4.7052937162159436e-05,1.4038061223399704e-05,2.129464864730835,0.04339473954607193,4.713,4.713,7,0.0,,0.011496937999999846,0.00016258880994052008,0.0,CHOPPY
1998-09-16 14:14:00,101149.6938,0.0,0.0,0,5.701084326097182e-05,5.072104797167711e-05,1.5506192048636715e-05,1.6721060276031494,0.014477877092236184,4.713,4.7878,7,0.0,,0.011496937999999846,5.701084326097182e-05,-0.03967748779970304,CHOPPY
1998-09-17 10:08:00,101149.6938,0.0,0.0,0,-0.0008219652810530161,4.267287439317054e-05,1.8761057136669845e-05,0.6463831067085266,0.0,4.526,4.526,56,0.0,,0.011496937999999846,-0.0008219652810530161,-0.008263367211665873,CHOPPY
1998-09-17 15:42:00,101149.6938,0.0,0.0,0,-0.00016969093965223908,4.269262212554118e-05,9.5661755182999e-06,1.3411134481430054,0.0,4.4886,4.4886,48,0.0,,0.011496937999999846,-0.00016969093965223908,0.024996658200775235,CHOPPY
1998-09-18 09:33:00,101149.6938,0.0,0.0,0,-0.0009395919565724363,4.6067115897673983e-05,1.0671115999358163e-05,0.7068710923194885,0.0,4.6008,4.6008,42,0.0,,0.011496937999999846,-0.0009395919565724363,-0.008129021039819162,CHOPPY
1998-09-18 13:06:00,101149.6938,0.0,0.0,0,-0.00038307002216197874,3.520454436033264e-05,7.345046995751226e-06,2.582179546356201,0.0,4.5634,4.5634,34,0.0,,0.011496937999999846,-0.00038307002216197874,0.04917386159442527,CHOPPY
1998-09-18 13:42:00,101149.6938,0.0,0.0,0,0.0007504365093197762,5.676495760304118e-05,1.855946333527234e-05,1.1754873991012573,0.17419322011035215,4.7878,4.7878,51,0.0,,0.011496937999999846,0.0007504365093197762,0.0,CHOPPY
1998-09-18 13:51:00,101149.6938,0.0,0.0,0,0.0005749122617035279,5.6531451116392666e-05,1.7806148715367747e-05,1.6652560234069824,0.13624374510825954,4.7878,4.7878,7,0.0,,0.011496937999999846,0.0005749122617035279,-0.015623041898157775,CHOPPY
1998-09-18 15:45:00,101149.6938,0.0,0.0,0,-0.0003309496974818449,4.567057280660001e-05,9.916811989232367e-06,2.863043785095215,0.0,4.713,4.713,7,0.0,,0.011496937999999846,-0.0003309496974818449,-0.023806492679821933,CHOPPY
1998-09-22 11:00:00,101149.6938,0.0,0.0,0,-0.0002495359645057758,4.61702916839598e-05,9.364825269840667e-06,4.140622615814209,0.0,4.6008,4.6008,7,0.0,,0.011496937999999846,-0.0002495359645057758,-0.024387063119457375,CHOPPY
1998-09-23 10:25:00,101149.6938,0.0,0.0,0,7.415582157378819e-05,4.969197447873511e-05,1.7948342255932645e-05,1.432481288909912,0.017503829707551943,4.4886,4.4886,34,0.0,,0.011496937999999846,7.415582157378819e-05,0.016664438800516823,CHOPPY
1998-09-23 11:58:00,101149.6938,0.0,0.0,0,-5.202315466011512e-06,2.7613942839963575e-05,1.0061990388937235e-05,5.263749122619629,0.0,4.5634,4.5634,61,0.0,,0.011496937999999846,-5.202315466011512e-06,-0.008195643599070879,CHOPPY
1998-09-24 11:12:00,101149.6938,0.0,0.0,0,-0.00040214191723441284,4.187754414725658e-05,7.922526474152502e-06,1.8822304010391235,0.0,4.526,4.4886,24,0.0,,0.011496937999999846,-0.00040214191723441284,-0.02479010163499773,CHOPPY
1998-09-25 10:46:00,101149.6938,0.0,0.0,0,0.00020111638097219885,5.015651832130707e-05,1.9213165008032388e-05,0.8367213606834412,0.04588259674554975,4.4138,4.4138,48,0.0,,0.011496937999999846,0.00020111638097219885,0.008473424260274642,CHOPPY
1998-09-25 15:09:00,101149.6938,0.0,0.0,0,-0.00035238990317522714,4.228115356460382e-05,8.698107375951142e-06,0.9593638181686401,0.0,4.4512,4.4512,34,0.0,,0.011496937999999846,-0.00035238990317522714,-0.008402228612508944,CHOPPY
1998-09-28 11:00:00,101149.6938,0.0,0.0,0,5.125896943761249e-05,5.9528471448433755e-05,2.0190015349951543e-05,2.5765817165374756,0.011407790732746972,4.4138,4.4138,24,0.0,,0.011496937999999846,5.125896943761249e-05,0.0,CHOPPY
1998-09-28 11:13:00,101149.6938,0.0,0.0,0,0.00018917752084806865,4.8179477275091045e-05,1.739455974758863e-05,1.0348809957504272,0.045358930820270774,4.4138,4.4138,24,0.0,,0.011496937999999846,0.00018917752084806865,0.0,CHOPPY
1998-09-28 11:34:00,101149.6938,0.0,0.0,0,0.00027765164014219,4.9366560549439305e-05,1.7208246159265865e-05,0.801660418510437,0.06693171270361042,4.4138,4.4138,24,0.0,,0.011496937999999846,0.00027765164014219,-0.008473424260274531,CHOPPY
1998-09-28 11:55:00,101149.6938,0.0,0.0,0,3.5396048445447684e-05,4.58544617349444e-05,6.6978933842846425e-06,3.1187915802001953,0.013676836826680179,4.3764,4.3764,10,0.0,,0.011496937999999846,3.5396048445447684e-05,-0.00854583676080789,CHOPPY
1998-09-28 15:17:00,101149.6938,0.0,0.0,11655,0.0007732627681891005,5.1409022744236685e-05,1.7781813178660765e-05,0.6897926330566406,0.18337455721921458,4.339,4.339,48,0.0,,0.011496937999999846,0.0007732627681891005,-0.03450103710532382,CHOPPY
1998-09-28 15:47:00,101149.6938,0.0,0.0,0,0.00020824424463065323,5.210018704543043e-05,1.9225875747186963e-05,1.5105725526809692,0.0474930369691729,4.1893,4.1893,23,48826.2915,,0.011496937999999846,0.00020824424463065323,0.0,CHOPPY
1998-09-29 09:55:00,101149.6938,0.0,0.0,0,0.00044816503994813523,5.532615842159815e-05,1.7014094312407005e-05,1.1228950023651123,0.10865095737266674,4.1893,4.1893,46,0.0,,0.011496937999999846,0.00044816503994813523,0.0089275057885565,CHOPPY
1998-09-29 11:07:00,101149.6938,0.0,0.0,11965,0.0008520400865899169,5.310814051123603e-05,1.745648499368929e-05,0.2892136871814728,0.20393023890902023,4.2267,4.2267,46,0.0,,0.011496937999999846,0.0008520400865899169,0.008848510658433284,CHOPPY
1998-09-29 12:36:00,101149.6938,0.0,0.0,0,0.0003691635616814431,5.145869520544476e-05,1.697612839085339e-05,0.7561187744140625,0.08959824472947624,4.2641,4.2641,46,51019.9565,,0.011496937999999846,0.0003691635616814431,-0.00877090124528035,CHOPPY
1998-09-29 13:15:00,100702.2028,-447.49099999999856,0.0,11912,0.0007512892482857246,4.941845142530512e-05,1.8646599996421288e-05,0.45335760712623596,0.17398321280071805,4.2267,4.1893,46,0.0,,0.007022027999999958,0.0007512892482857246,-0.026545531975299963,CHOPPY
1998-09-29 14:41:00,100702.2028,0.0,0.0,0,0.0003518708373143017,5.113014846010029e-05,1.9242410401626843e-05,1.9157875776290894,0.0802146213628412,4.1145,4.1145,46,49011.92399999999,,0.007022027999999958,0.0003518708373143017,0.0,CHOPPY
1998-09-29 15:03:00,100702.2028,0.0,0.0,0,0.0001734361641923877,4.3173937987894816e-05,1.872333078834685e-05,1.6514031887054443,0.04008188195947764,4.1145,4.0771,23,0.0,,0.007022027999999958,0.0001734361641923877,0.018179608700935823,CHOPPY
1998-09-30 09:32:00,100702.2028,0.0,0.0,0,0.0001458361686190966,4.846136702473713e-05,1.929692570346398e-05,1.2183289527893066,0.033198708084538585,4.1893,4.1893,57,0.0,,0.007022027999999958,0.0001458361686190966,0.0,CHOPPY
1998-09-30 09:33:00,100702.2028,0.0,0.0,0,0.00014374043934832397,4.849273308423926e-05,1.9297139929822007e-05,1.2931482791900635,0.03272144655830059,4.1893,4.1893,57,0.0,,0.007022027999999958,0.00014374043934832397,0.0,CHOPPY
1998-09-30 09:48:00,100702.2028,0.0,0.0,0,0.00016337798441107932,5.189732155187224e-05,7.510170785032689e-06,1.3217072486877441,0.0596167953406393,4.1893,4.1893,31,0.0,,0.007022027999999958,0.00016337798441107932,0.0,CHOPPY
1998-09-30 10:55:00,100702.2028,0.0,0.0,0,0.00011388496462032709,4.554575792510614e-05,7.166281706398066e-06,1.06043541431427,0.04254215179936427,4.1893,4.1893,10,0.0,,0.007022027999999958,0.00011388496462032709,0.0,CHOPPY
1998-09-30 11:17:00,100702.2028,0.0,0.0,0,7.591904626399645e-05,4.734238680062642e-05,1.6903261722894724e-05,0.8856214880943298,0.018465687667183067,4.1893,4.1893,57,0.0,,0.007022027999999958,7.591904626399645e-05,0.02680638770200261,CHOPPY
1998-09-30 11:31:00,100702.2028,0.0,0.0,0,-0.0010103778818664141,3.7970914918113524e-05,8.453619850244766e-06,0.5408506989479065,0.0,4.3016,4.339,35,0.0,,0.007022027999999958,-0.0010103778818664141,0.008694439278408295,CHOPPY
1998-09-30 11:36:00,100702.2028,0.0,0.0,0,-0.0006609708402666763,3.833632621122011e-05,8.031778215276886e-06,0.9769079685211182,0.0,4.339,4.339,35,0.0,,0.007022027999999958,-0.0006609708402666763,0.0,CHOPPY
1998-09-30 11:47:00,100702.2028,0.0,0.0,0,-0.0007266938155347754,3.8470553309728163e-05,9.880578659703523e-06,1.6267741918563843,0.0,4.339,4.339,35,0.0,,0.007022027999999958,-0.0007266938155347754,0.0,CHOPPY
1998-09-30 12:10:00,100702.2028,0.0,0.0,0,-0.0006696092080009277,3.79883105815107e-05,9.48536279284909e-06,1.5583338737487793,0.0,4.339,4.339,35,0.0,,0.007022027999999958,-0.0006696092080009277,0.00861949758008751,CHOPPY
1998-09-30 13:18:00,100702.2028,0.0,0.0,0,-0.0004061901944089666,3.856927502711706e-05,1.2604598255916735e-05,1.5391261577606201,0.0,4.3764,4.3764,35,0.0,,0.007022027999999958,-0.0004061901944089666,0.01709167352161578,CHOPPY
1998-09-30 14:13:00,100702.2028,0.0,0.0,0,-0.0003939594142155702,4.072178250726769e-05,1.3028385503364953e-05,1.140190601348877,0.0,4.4512,4.4512,35,0.0,,0.007022027999999958,-0.0003939594142155702,0.0,CHOPPY
1998-09-30 14:15:00,100702.2028,0.0,0.0,0,-0.0006709081163303375,3.95153073441536e-05,1.0193912642909325e-05,1.9875123500823975,0.0,4.4512,4.4512,35,0.0,,0.007022027999999958,-0.0006709081163303375,-0.008402228612508944,CHOPPY
1998-09-30 14:24:00,100702.2028,0.0,0.0,0,-0.00030182805043563085,3.060542175267606e-05,1.0555577185576562e-05,1.6285649538040161,0.0,4.4138,4.4138,61,0.0,,0.007022027999999958,-0.00030182805043563085,-0.025420272780823927,CHOPPY
1998-09-30 14:29:00,100702.2028,0.0,0.0,0,0.0006436163377309446,4.946604572172876e-05,1.6371898588669856e-05,1.1154215335845947,0.15906606471162552,4.3016,4.3016,10,0.0,,0.007022027999999958,0.0006436163377309446,-0.04349544355588619,CHOPPY
1998-10-01 11:03:00,100702.2028,0.0,0.0,0,0.0004086782596632149,5.0791976095183964e-05,2.0283049353565473e-05,1.800691843032837,0.09074337158098084,4.1145,4.1145,48,0.0,,0.007022027999999958,0.0004086782596632149,-0.0090898043504678,CHOPPY
1998-10-01 14:36:00,100702.2028,0.0,0.0,0,0.00030795335986401817,5.1548408454897965e-05,1.928805068235109e-05,2.3243682384490967,0.07011981754410643,4.0771,4.0771,46,0.0,,0.007022027999999958,0.00030795335986401817,-0.00917318682396795,CHOPPY
1998-10-02 09:48:00,100702.2028,0.0,0.0,0,0.0003080447841974301,5.136514532787927e-05,1.9228074913991175e-05,2.317528009414673,0.07024993987612066,4.0397,4.0397,46,0.0,,0.007022027999999958,0.0003080447841974301,-0.02777433967868892,CHOPPY
1998-10-02 10:21:00,100702.2028,0.0,0.0,0,0.0003142718497768398,4.972693789694338e-05,2.0337332700814356e-05,2.6070783138275146,0.06968807770558995,3.9275,3.9275,23,0.0,,0.007022027999999958,0.0003142718497768398,0.0,CHOPPY
1998-10-02 10:35:00,100702.2028,0.0,0.0,0,0.00038588491676402886,4.6264036683323455e-05,1.6672846867074336e-05,0.9931040406227112,0.09450459443169813,3.9275,3.9275,23,0.0,,0.007022027999999958,0.00038588491676402886,-0.009522597071928818,CHOPPY
1998-10-02 10:43:00,100702.2028,0.0,0.0,0,3.9300823732077686e-05,4.205372457949699e-05,6.6918285626897695e-06,1.997490406036377,0.015192500168192463,3.8901,3.8901,23,0.0,,0.007022027999999958,3.9300823732077686e-05,0.0,CHOPPY
1998-10-02 11:21:00,100702.2028,0.0,0.0,0,0.00017143388459854683,4.409810113626011e-05,1.9055355171407997e-05,2.5288617610931396,0.039272463256541136,3.8901,3.8901,46,0.0,,0.007022027999999958,0.00017143388459854683,0.009614148736536432,CHOPPY
1998-10-02 11:37:00,100702.2028,0.0,0.0,0,0.0001806413539224129,4.89297614164271e-05,7.035612937683457e-06,1.5153493881225586,0.06810299477364354,3.9275,3.9275,46,0.0,,0.007022027999999958,0.0001806413539224129,-0.047612985359643645,CHOPPY
1998-10-02 15:05:00,100702.2028,0.0,0.0,0,0.0001560996821190615,4.395344478236493e-05,1.892785659152368e-05,2.8200273513793945,0.035879906294660376,3.7405,3.7405,23,0.0,,0.007022027999999958,0.0001560996821190615,0.0,CHOPPY
1998-10-02 15:12:00,100702.2028,0.0,0.0,0,2.553314965343388e-05,4.2308253842459526e-05,1.0386952047627793e-05,4.824995517730713,0.007922464963613138,3.7405,3.7405,46,0.0,,0.007022027999999958,2.553314965343388e-05,-0.08001604063627865,CHOPPY
1998-10-06 09:36:00,100702.2028,0.0,0.0,0,4.828353758444854e-05,5.7251412288547525e-05,3.603587318176595e-05,7.442490577697754,0.008043249802764444,3.4412,3.4038,23,0.0,,0.007022027999999958,4.828353758444854e-05,0.010868301755201815,CHOPPY
1998-10-06 09:37:00,100702.2028,0.0,0.0,0,1.4961649397790496e-05,4.7217185407377255e-05,2.0079015883594443e-05,5.862145900726318,0.003338937284908132,3.4786,3.4786,46,0.0,,0.007022027999999958,1.4961649397790496e-05,0.021531650664060153,CHOPPY
1998-10-06 10:12:00,100702.2028,0.0,0.0,0,7.406388531143305e-05,4.9080519233351266e-05,1.832238555440296e-05,3.66294002532959,0.017302763908459647,3.5535,3.5535,27,0.0,,0.007022027999999958,7.406388531143305e-05,0.010524834670043504,CHOPPY
1998-10-06 11:26:00,100702.2028,0.0,0.0,0,2.7296671840212448e-05,4.531303002421359e-05,1.2199860842335713e-05,3.443317413330078,0.007815058982609854,3.5909,3.5909,10,0.0,,0.007022027999999958,2.7296671840212448e-05,0.020830432482107586,CHOPPY
1998-10-06 12:29:00,100702.2028,0.0,0.0,0,-0.00010490598070861441,5.8581819777290146e-05,1.3193448146352607e-05,2.9477009773254395,0.0,3.6657,3.7031,35,0.0,,0.007022027999999958,-0.00010490598070861441,0.0,CHOPPY
1998-10-06 12:32:00,100702.2028,0.0,0.0,0,-0.00014746159408575663,4.543393458310522e-05,1.973019428210266e-05,3.006882905960083,0.0,3.6657,3.6657,35,0.0,,0.007022027999999958,-0.00014746159408575663,-0.04081075920015287,CHOPPY
1998-10-07 15:48:00,100702.2028,0.0,0.0,14320,0.0008283899221865681,5.162157458511286e-05,1.768576582967861e-05,0.2758479714393616,0.19698033491691738,3.5161,3.5161,26,0.0,,0.007022027999999958,0.0008283899221865681,0.0,CHOPPY
1998-10-08 10:07:00,101239.2028,0.0,536.9999999999949,0,-0.0005387568205879704,3.943228374068058e-05,8.316974847824692e-06,1.0923372507095337,0.0,3.5161,3.5161,57,50350.551999999996,,0.012392028000000055,-0.0005387568205879704,-0.021302010750547495,CHOPPY
1998-10-08 10:13:00,100166.6348,-535.5680000000046,0.0,0,0.00023586799389428275,4.239962023329417e-05,1.7837974604982996e-05,1.3014870882034302,0.05584653629469415,3.4412,3.4412,26,0.0,,0.0016663480000000952,0.00023586799389428275,0.010868301755201815,CHOPPY
1998-10-08 10:38:00,100166.6348,0.0,0.0,0,-0.0001608600378714321,3.979257240799615e-05,1.7073307185245598e-05,4.091691017150879,0.0,3.4786,3.4786,1,0.0,,0.0016663480000000952,-0.0001608600378714321,-0.04300580693382394,CHOPPY
1998-10-08 12:01:00,100166.6348,0.0,0.0,0,-0.00014141697829417896,5.04028004747508e-05,2.0268924384195087e-05,3.967073917388916,0.0,3.329,3.2916,23,0.0,,0.0016663480000000952,-0.00014141697829417896,0.0,CHOPPY
1998-10-08 12:18:00,100166.6348,0.0,0.0,0,-8.0390579959163e-05,4.7614919177937535e-05,1.1833511203207507e-05,3.4116055965423584,0.0,3.329,3.329,63,0.0,,0.0016663480000000952,-8.0390579959163e-05,-0.0674076299188946,CHOPPY
1998-10-08 13:33:00,100166.6348,0.0,0.0,0,-0.0001048829786193751,4.7680046577450614e-05,1.1088988646377609e-05,6.740736484527588,0.0,3.1046,3.142,23,0.0,,0.0016663480000000952,-0.0001048829786193751,-0.04818656187592607,CHOPPY
1998-10-08 15:24:00,100166.6348,0.0,0.0,0,-0.0001589090002625232,6.0641827169671514e-05,2.5781309603091797e-05,2.9191689491271973,0.0,2.955,2.955,23,0.0,,0.0016663480000000952,-0.0001589090002625232,0.0,CHOPPY
1998-10-08 15:25:00,100166.6348,0.0,0.0,0,9.067779256624884e-05,4.914962130009917e-05,1.6975828333199242e-05,0.6807001233100891,0.02200824701067311,2.955,2.955,23,0.0,,0.0016663480000000952,9.067779256624884e-05,0.0,CHOPPY
1998-10-08 15:30:00,100166.6348,0.0,0.0,0,8.431103578152982e-05,4.9254714732276456e-05,1.697538431397086e-05,1.0007123947143555,0.02046325032696287,2.955,2.955,23,0.0,,0.0016663480000000952,8.431103578152982e-05,0.012656514382402673,CHOPPY
1998-10-12 11:13:00,100166.6348,0.0,0.0,0,-0.0001771208446227935,4.4688605743881015e-05,8.21388330583497e-06,1.2862658500671387,0.0,2.9924,2.9924,10,0.0,,0.0016663480000000952,-0.0001771208446227935,-0.012498329100387617,CHOPPY
1998-10-12 12:55:00,100166.6348,0.0,0.0,0,-6.160336140629852e-05,4.067850000197773e-05,1.8439449984790268e-05,4.164214611053467,0.0,2.955,2.955,1,0.0,,0.0016663480000000952,-6.160336140629852e-05,-0.025313028764805456,CHOPPY
1998-10-12 15:38:00,100166.6348,0.0,0.0,0,1.1768711736255474e-05,4.864723245093937e-05,2.043558355562741e-05,1.6994413137435913,0.0026033670469046482,2.8802,2.8802,48,0.0,,0.0016663480000000952,1.1768711736255474e-05,-0.012985209360460992,CHOPPY
1998-10-13 09:32:00,100166.6348,0.0,0.0,0,0.0003588949616632591,5.033277546227298e-05,1.973106809121722e-05,1.7853769063949585,0.08079640989734777,2.8428,2.8428,48,0.0,,0.0016663480000000952,0.0003588949616632591,0.026312086675109203,CHOPPY
1998-10-13 09:39:00,100166.6348,0.0,0.0,0,-0.0003195286576067254,4.392090513731686e-05,1.789458754453918e-05,2.0040626525878906,0.0,2.9176,2.9176,42,0.0,,0.0016663480000000952,-0.0003195286576067254,0.0,CHOPPY
1998-10-13 10:47:00,100166.6348,0.0,0.0,0,-4.8662221750945334e-05,4.0062988602182264e-05,1.738222202436004e-05,6.360732555389404,0.0,2.9176,2.9176,1,0.0,,0.0016663480000000952,-4.8662221750945334e-05,-0.07694680559363876,CHOPPY
1998-10-13 12:04:00,100166.6348,0.0,0.0,0,-8.494533597392738e-05,4.774448170836127e-05,1.119661761265296e-05,5.169992923736572,0.0,2.6931,2.6931,23,0.0,,0.0016663480000000952,-8.494533597392738e-05,0.0,CHOPPY
1998-10-13 12:31:00,100166.6348,0.0,0.0,0,-0.00017029534932799385,4.7679938348066134e-05,1.1247237104957639e-05,3.9378840923309326,0.0,2.6931,2.6931,23,0.0,,0.0016663480000000952,-0.00017029534932799385,0.0,CHOPPY
1998-10-13 12:52:00,100166.6348,0.0,0.0,0,-4.836698449492341e-05,5.209244670423083e-05,2.0626252792988828e-05,4.010521411895752,0.0,2.6931,2.6931,63,0.0,,0.0016663480000000952,-4.836698449492341e-05,-0.04166202517544826,CHOPPY
1998-10-13 14:51:00,100166.6348,0.0,0.0,0,-0.00017303101407827588,4.768950595483537e-05,1.1068000044319056e-05,3.9438507556915283,0.0,2.5809,2.5809,23,0.0,,0.0016663480000000952,-0.00017303101407827588,0.01449106900693553,CHOPPY
1998-10-13 15:04:00,100166.6348,0.0,0.0,0,-1.4936194734120553e-05,4.558877544167586e-05,2.1205254089631918e-05,5.559841632843018,0.0,2.6183,2.5809,23,0.0,,0.0016663480000000952,-1.4936194734120553e-05,-0.028568154909674237,CHOPPY
1998-10-13 15:14:00,100166.6348,0.0,0.0,0,-5.40165676033484e-05,4.785529532082041e-05,9.467188162042285e-06,2.1094555854797363,0.0,2.5435,2.5435,23,0.0,,0.0016663480000000952,-5.40165676033484e-05,0.0,CHOPPY
1998-10-13 15:37:00,100166.6348,0.0,0.0,0,-6.533861451697067e-05,4.764182268066837e-05,9.465233828424112e-06,0.8522683382034302,0.0,2.5435,2.5435,23,0.0,,0.0016663480000000952,-6.533861451697067e-05,0.029408295655592775,CHOPPY
1998-10-13 15:42:00,100166.6348,0.0,0.0,0,-3.756120340182159e-05,4.218656575230521e-05,1.850633352729764e-05,5.497756004333496,0.0,2.6183,2.6183,26,0.0,,0.0016663480000000952,-3.756120340182159e-05,0.0,CHOPPY
1998-10-14 11:14:00,100166.6348,0.0,0.0,0,0.0005673687565331143,5.169922995360292e-05,1.7376797572138346e-05,0.8425575494766235,0.1361070263366262,2.6183,2.6183,24,0.0,,0.0016663480000000952,0.0005673687565331143,0.0,CHOPPY
1998-10-14 11:48:00,100166.6348,0.0,0.0,0,-7.424599064271644e-05,4.214623372807639e-05,1.0310712067102171e-05,0.7450417280197144,0.0,2.6183,2.6183,10,0.0,,0.0016663480000000952,-7.424599064271644e-05,0.0,CHOPPY
1998-10-14 12:19:00,100166.6348,0.0,0.0,0,-0.00011636365848776733,4.880666197336629e-05,1.867911746556868e-05,2.86822772026062,0.0,2.6183,2.6183,1,0.0,,0.0016663480000000952,-0.00011636365848776733,-0.014284077454837063,CHOPPY
1998-10-14 13:18:00,100166.6348,0.0,0.0,0,-6.392350006253735e-05,3.8918056747120724e-05,1.799768947816145e-05,4.699725151062012,0.0,2.5809,2.5809,1,0.0,,0.0016663480000000952,-6.392350006253735e-05,0.0,CHOPPY
1998-10-14 13:25:00,100166.6348,0.0,0.0,0,0.00012669694225252455,4.684729210080861e-05,9.068944646883466e-06,2.586467742919922,0.04207147688879264,2.5809,2.5809,10,0.0,,0.0016663480000000952,0.00012669694225252455,-0.014491069006935642,CHOPPY
1998-10-15 12:41:00,100166.6348,0.0,0.0,0,6.270934969996342e-05,4.332386129003157e-05,8.94915766706847e-06,1.793885350227356,0.020962410298235097,2.5435,2.5435,48,0.0,,0.0016663480000000952,6.270934969996342e-05,0.0,CHOPPY
1998-10-15 13:03:00,100166.6348,0.0,0.0,0,-6.865006869071691e-05,4.777580916228396e-05,2.133264402192434e-05,3.1493096351623535,0.0,2.5435,2.4687,63,0.0,,0.0016663480000000952,-6.865006869071691e-05,-0.014704147827796277,CHOPPY
1998-10-15 13:47:00,100166.6348,0.0,0.0,0,0.00023368597523577115,4.999858591450631e-05,1.94706842388911e-05,1.0462771654129028,0.052959276309564964,2.5061,2.5061,48,0.0,,0.0016663480000000952,0.00023368597523577115,0.0,CHOPPY
1998-10-15 14:37:00,100166.6348,0.0,0.0,0,0.000408004279182683,5.033231516987105e-05,1.7687161752346806e-05,1.7523869276046753,0.09701427537262325,2.5061,2.5061,48,0.0,,0.0016663480000000952,0.000408004279182683,0.08954151869438576,CHOPPY
1998-10-16 10:26:00,100166.6348,0.0,0.0,0,7.979024889107601e-05,6.56107514915016e-05,1.936149653022104e-05,3.769439935684204,0.018133446625914644,2.7305,2.6931,35,0.0,,0.0016663480000000952,7.979024889107601e-05,0.013733748397729117,CHOPPY
1998-10-16 10:57:00,100166.6348,0.0,0.0,0,0.0001451646950570041,5.115221906659642e-05,1.6087614302559955e-05,3.6357758045196533,0.036192216670451596,2.768,2.768,51,0.0,,0.0016663480000000952,0.0001451646950570041,0.013511560693641789,CHOPPY
1998-10-16 11:08:00,100166.6348,0.0,0.0,0,0.0004238217460482569,7.748772353490319e-05,4.76657529800883e-05,3.7973756790161133,0.061387508501060783,2.8054,2.8428,51,0.0,,0.0016663480000000952,0.0004238217460482569,-0.013331432237827179,CHOPPY
1998-10-16 11:16:00,100166.6348,0.0,0.0,0,0.0005464857675979883,5.3370995420027674e-05,2.10293584736851e-05,2.4108726978302,0.11916969935317857,2.768,2.768,51,0.0,,0.0016663480000000952,0.0005464857675979883,-0.10812861271676288,CHOPPY
1998-10-16 12:11:00,100166.6348,0.0,0.0,0,-0.00014247455884053515,4.769455934830025e-05,1.1089647587583759e-05,6.55381441116333,0.0,2.4687,2.4313,23,0.0,,0.0016663480000000952,-0.00014247455884053515,0.0,CHOPPY
1998-10-16 12:34:00,100166.6348,0.0,0.0,0,-4.99230923966533e-05,4.782217209504116e-05,2.0346385779015274e-05,3.4563612937927246,0.0,2.4687,2.4687,56,0.0,,0.0016663480000000952,-4.99230923966533e-05,-0.015149673917446593,CHOPPY
1998-10-16 12:57:00,100166.6348,0.0,0.0,0,-7.741050128322617e-05,4.85237620497551e-05,2.127698939337848e-05,4.999744892120361,0.0,2.4313,2.4313,63,0.0,,0.0016663480000000952,-7.741050128322617e-05,0.0,CHOPPY
1998-10-16 15:28:00,100166.6348,0.0,0.0,0,-0.0008694425928330392,3.7951225785200117e-05,8.002524076080493e-06,1.260215401649475,0.0,2.4313,2.4313,17,0.0,,0.0016663480000000952,-0.0008694425928330392,0.07691358532472359,CHOPPY
1998-10-19 09:44:00,100166.6348,0.0,0.0,0,0.00011458034702152968,4.876056350517657e-05,1.84241682736226e-05,6.026858329772949,0.02669415558365582,2.6183,2.5809,7,0.0,,0.0016663480000000952,0.00011458034702152968,0.014284077454836952,CHOPPY
1998-10-19 09:58:00,100166.6348,0.0,0.0,0,0.00035078936431778076,5.374755282123041e-05,2.1214622585941433e-05,3.2391419410705566,0.07616032038349085,2.6557,2.5809,5,0.0,,0.0016663480000000952,0.00035078936431778076,0.05636931882366247,CHOPPY
1998-10-19 10:17:00,100166.6348,0.0,0.0,0,0.00022366763216207327,9.859939579481304e-05,7.705778860603525e-05,7.400660991668701,0.0254797327996385,2.8054,2.8428,28,0.0,,0.0016663480000000952,0.00022366763216207327,-0.013331432237827179,CHOPPY
1998-10-19 10:19:00,100166.6348,0.0,0.0,0,0.00025503146906350794,9.30846767830185e-05,6.527917102874108e-05,6.545505523681641,0.03156504822366868,2.768,2.768,40,0.0,,0.0016663480000000952,0.00025503146906350794,0.0,CHOPPY
1998-10-19 10:48:00,100166.6348,0.0,0.0,0,0.00023916645976060797,9.345233904372314e-05,6.602810781565718e-05,6.552680969238281,0.029433089364596387,2.768,2.8054,40,0.0,,0.0016663480000000952,0.00023916645976060797,0.0,CHOPPY
1998-10-19 10:55:00,100166.6348,0.0,0.0,0,0.00024250628343325915,9.220042315953154e-05,6.288412805610713e-05,5.967589855194092,0.030581055720038688,2.768,2.8054,40,0.0,,0.0016663480000000952,0.00024250628343325915,0.027023121387283355,CHOPPY
1998-10-19 11:01:00,100166.6348,0.0,0.0,0,0.0002563168810278072,9.339419247673112e-05,6.500585910509477e-05,5.791570663452148,0.031790763526403566,2.8428,2.8428,40,0.0,,0.0016663480000000952,0.0002563168810278072,0.0,CHOPPY
1998-10-19 11:02:00,100166.6348,0.0,0.0,0,0.00020123623583972683,9.420862987520774e-05,6.677873282756247e-05,6.881068706512451,0.024625615729542003,2.8428,2.9176,28,0.0,,0.0016663480000000952,0.00020123623583972683,0.07893626002532717,CHOPPY
1998-10-19 11:24:00,100166.6348,0.0,0.0,0,0.0002405167400156373,9.793453331155384e-05,7.508588534699713e-05,5.376766681671143,0.027756592898430625,3.0672,3.0672,28,0.0,,0.0016663480000000952,0.0002405167400156373,0.04877412623891497,CHOPPY
1998-10-19 11:52:00,100166.6348,0.0,0.0,0,0.00024131683563468308,8.067289407952643e-05,4.436480202245562e-05,6.112739562988281,0.03623000115179018,3.2168,3.1794,13,0.0,,0.0016663480000000952,0.00024131683563468308,-0.011626461079333628,CHOPPY
1998-10-19 11:53:00,100166.6348,0.0,0.0,0,0.00023214367902177495,7.717708118815854e-05,3.559361596253751e-05,5.2498016357421875,0.03891085803327411,3.1794,3.142,51,0.0,,0.0016663480000000952,0.00023214367902177495,-0.03528967729760324,CHOPPY
1998-10-19 12:08:00,100166.6348,0.0,0.0,0,-0.00015283444291340815,4.360205830077711e-05,7.917301604882053e-06,2.6103968620300293,0.0,3.0672,3.0672,35,0.0,,0.0016663480000000952,-0.00015283444291340815,0.012193531559728799,CHOPPY
1998-10-19 12:20:00,100166.6348,0.0,0.0,0,-0.00033330895156469053,4.994180806628873e-05,1.1573574814340297e-05,2.2909605503082275,0.0,3.1046,3.0672,35,0.0,,0.0016663480000000952,-0.00033330895156469053,-0.012046640468981518,CHOPPY
1998-10-19 12:26:00,100166.6348,0.0,0.0,0,-0.00039263978335374295,4.047057011544491e-05,8.413908579103983e-06,2.0951085090637207,0.0,3.0672,3.0672,35,0.0,,0.0016663480000000952,-0.00039263978335374295,0.024387063119457375,CHOPPY
1998-10-19 13:25:00,100166.6348,0.0,0.0,0,-0.0002645479843589067,4.7351130034055024e-05,9.884509056258815e-06,1.129202127456665,0.0,3.142,3.142,35,0.0,,0.0016663480000000952,-0.0002645479843589067,0.0,CHOPPY
1998-10-19 13:27:00,100166.6348,0.0,0.0,0,-0.00047440078168354665,4.648595449882994e-05,1.0375240477783358e-05,1.3008182048797607,0.0,3.142,3.142,35,0.0,,0.0016663480000000952,-0.00047440078168354665,0.011903246339910911,CHOPPY
1998-10-19 13:28:00,100166.6348,0.0,0.0,0,0.0002726323127913427,7.231580759523015e-05,2.4181888566697304e-05,3.0351295471191406,0.05544114869477999,3.1794,3.2168,35,0.0,,0.0016663480000000952,0.0002726323127913427,0.011763225765867968,CHOPPY
1998-10-19 13:32:00,100166.6348,0.0,0.0,0,0.0002336900702167523,4.787015313432124e-05,2.0003994907934098e-05,3.0663788318634033,0.052249470220430576,3.2168,3.2168,35,0.0,,0.0016663480000000952,0.0002336900702167523,0.011626461079333517,CHOPPY
1998-10-19 13:37:00,100166.6348,0.0,0.0,0,0.0003638394950034741,7.665263629596821e-05,4.0113446540950206e-05,4.790440082550049,0.05744666894382159,3.2542,3.2916,51,0.0,,0.0016663480000000952,0.0003638394950034741,0.01149284002212525,CHOPPY
1998-10-19 13:39:00,100166.6348,0.0,0.0,0,0.0004148379240154328,7.262313605474573e-05,3.326617765954162e-05,3.8527681827545166,0.07192452474505319,3.2916,3.2916,51,0.0,,0.0016663480000000952,0.0004148379240154328,0.0,CHOPPY
1998-10-19 13:44:00,100166.6348,0.0,0.0,0,0.0004321643532549446,6.958224005600144e-05,2.9201215154090094e-05,3.687939405441284,0.07997393758587998,3.2916,3.2916,51,0.0,,0.0016663480000000952,0.0004321643532549446,0.0,CHOPPY
1998-10-19 13:54:00,100166.6348,0.0,0.0,0,0.00022298471134126358,7.299455682033652e-05,3.190269162262291e-05,4.579557418823242,0.03947857099995459,3.2916,3.2916,51,0.0,,0.0016663480000000952,0.00022298471134126358,0.0,CHOPPY
1998-10-19 13:56:00,100166.6348,0.0,0.0,0,3.776324892940095e-05,4.5271377201198737e-05,2.212194335962566e-05,5.9319047927856445,0.00802893077158643,3.2916,3.2916,35,0.0,,0.0016663480000000952,3.776324892940095e-05,0.011362255438085,CHOPPY
1998-10-19 14:26:00,100166.6348,0.0,0.0,0,0.000127541497168241,7.26179715452064e-05,3.133267784116175e-05,6.323938369750977,0.022785195223329273,3.329,3.329,51,0.0,,0.0016663480000000952,0.000127541497168241,-0.011234604986482544,CHOPPY
1998-10-19 14:52:00,100166.6348,0.0,0.0,0,6.024264014394433e-05,3.3402436951528e-05,1.846528264192733e-05,4.344611644744873,0.014019289908328484,3.2916,3.2916,35,0.0,,0.0016663480000000952,6.024264014394433e-05,0.0,CHOPPY
1998-10-19 15:03:00,100166.6348,0.0,0.0,0,1.6674333530048798e-05,4.276087815021981e-05,1.7886914993632302e-05,6.768452167510986,0.003942582252856408,3.2916,3.2916,35,0.0,,0.0016663480000000952,1.6674333530048798e-05,0.06820391299064288,CHOPPY
1998-10-20 09:52:00,100166.6348,0.0,0.0,0,0.00039043840734743145,7.472728180871363e-05,3.6945243061249546e-05,4.0840535163879395,0.06423522777239124,3.5161,3.5161,47,0.0,,0.0016663480000000952,0.00039043840734743145,0.021273570148744314,CHOPPY
1998-10-20 10:13:00,100166.6348,0.0,0.0,0,0.000153580124810146,7.906847836108835e-05,4.187074789155692e-05,5.875433444976807,0.023734476491553844,3.5909,3.5909,33,0.0,,0.0016663480000000952,0.000153580124810146,0.0,CHOPPY
1998-10-20 10:14:00,100166.6348,0.0,0.0,0,0.000222200725319187,7.682058326769352e-05,3.435494610624263e-05,4.092052936553955,0.03790974266357659,3.5909,3.5909,33,0.0,,0.0016663480000000952,0.000222200725319187,0.020830432482107586,CHOPPY
1998-10-20 10:15:00,100166.6348,0.0,0.0,0,9.925887590994996e-05,7.983799937272077e-05,4.256960984244472e-05,7.227483749389648,0.015213162968610224,3.6657,3.6657,47,0.0,,0.0016663480000000952,9.925887590994996e-05,0.010202689800038245,CHOPPY
1998-10-20 10:20:00,100166.6348,0.0,0.0,0,0.000116393222628662,8.496439500803432e-05,3.877011703514704e-05,6.833632946014404,0.018693005629971397,3.7031,3.6657,33,0.0,,0.0016663480000000952,0.000116393222628662,-0.030298938727012503,CHOPPY
1998-10-20 10:40:00,100166.6348,0.0,0.0,0,-7.26092820936316e-05,5.572203928556817e-05,1.4898350019137442e-05,6.239300727844238,0.0,3.5909,3.5909,35,0.0,,0.0016663480000000952,-7.26092820936316e-05,0.0,CHOPPY
1998-10-20 10:48:00,100166.6348,0.0,0.0,0,-0.0001835577954015482,4.7463984190445513e-05,1.719638849565202e-05,4.822900295257568,0.0,3.5909,3.5909,33,0.0,,0.0016663480000000952,-0.0001835577954015482,0.020830432482107586,CHOPPY
1998-10-20 10:55:00,100166.6348,0.0,0.0,0,0.00018732671888968048,7.27796650559628e-05,2.5950397986082143e-05,2.9457380771636963,0.03677288595530283,3.6657,3.6657,33,0.0,,0.0016663480000000952,0.00018732671888968048,-0.010202689800038245,CHOPPY
1998-10-20 11:15:00,100166.6348,0.0,0.0,0,-0.0002189471081401965,4.100848209563844e-05,1.3649329653669414e-05,3.958684206008911,0.0,3.6283,3.6283,35,0.0,,0.0016663480000000952,-0.0002189471081401965,0.0,CHOPPY
1998-10-20 11:54:00,100166.6348,0.0,0.0,0,-0.0005723873668555715,4.0550959261027826e-05,1.0256857740543737e-05,2.4779486656188965,0.0,3.6283,3.6283,35,0.0,,0.0016663480000000952,-0.0005723873668555715,-0.010307857674392906,CHOPPY
1998-10-20 13:00:00,100166.6348,0.0,0.0,0,-0.00010767416925734506,4.581017498017642e-05,1.5093940159709057e-05,4.861847877502441,0.0,3.5909,3.5909,61,0.0,,0.0016663480000000952,-0.00010767416925734506,-0.020830432482107586,CHOPPY
1998-10-20 13:16:00,100166.6348,0.0,0.0,0,-3.52521458815363e-05,3.887112504095432e-05,1.7861172218390245e-05,5.25708532333374,0.0,3.5161,3.5161,26,0.0,,0.0016663480000000952,-3.52521458815363e-05,0.010636785074372268,CHOPPY
1998-10-20 14:53:00,100166.6348,0.0,0.0,0,0.00045999616030064955,5.174415872622854e-05,1.737092390673688e-05,0.8998740315437317,0.11036789194589165,3.5535,3.5161,24,0.0,,0.0016663480000000952,0.00045999616030064955,-0.010524834670043726,CHOPPY
1998-10-20 14:54:00,100166.6348,0.0,0.0,0,0.00010685884116854942,4.484104189669626e-05,7.490527939535493e-06,0.8425303101539612,0.039043994765025,3.5161,3.5161,24,0.0,,0.0016663480000000952,0.00010685884116854942,-0.010665225676175227,CHOPPY
1998-10-20 15:05:00,100166.6348,0.0,0.0,0,-8.801591017944046e-05,4.072224004753664e-05,1.851442254918026e-05,4.51970100402832,0.0,3.4786,3.4786,1,0.0,,0.0016663480000000952,-8.801591017944046e-05,-0.021502903466912082,CHOPPY
1998-10-20 15:14:00,100166.6348,0.0,0.0,0,0.00011578380934669894,4.267945498902929e-05,1.643829938309735e-05,5.722055912017822,0.02855744775749557,3.4038,3.4038,26,0.0,,0.0016663480000000952,0.00011578380934669894,0.010987719607497448,CHOPPY
1998-10-20 15:32:00,100166.6348,0.0,0.0,0,5.3628918169063385e-05,4.308250683345572e-05,1.819901359217053e-05,1.9516867399215698,0.012571152981337513,3.4412,3.4412,1,0.0,,0.0016663480000000952,5.3628918169063385e-05,0.0,CHOPPY
1998-10-21 11:43:00,100166.6348,0.0,0.0,0,0.00019825840823266212,5.306874738588366e-05,1.9608746690677638e-05,0.5044748187065125,0.044772020793155044,3.4412,3.4412,48,0.0,,0.0016663480000000952,0.00019825840823266212,-0.010868301755201593,CHOPPY
1998-10-21 11:46:00,100166.6348,0.0,0.0,0,0.00033028694637333235,5.169096297407406e-05,1.9692946383353178e-05,1.3034147024154663,0.07442795056028578,3.4038,3.3664,48,0.0,,0.0016663480000000952,0.00033028694637333235,0.0,CHOPPY
1998-10-21 11:54:00,100166.6348,0.0,0.0,0,0.0002024373702645083,5.2931779204577325e-05,1.9595110859620235e-05,0.47066253423690796,0.045731645101294585,3.4038,3.4038,48,0.0,,0.0016663480000000952,0.0002024373702645083,-0.010987719607497448,CHOPPY
1998-10-21 11:56:00,100166.6348,0.0,0.0,0,-5.718475706903803e-05,5.34255646948562e-05,1.1593651225119085e-05,2.866915225982666,0.0,3.3664,3.3664,48,0.0,,0.0016663480000000952,-5.718475706903803e-05,0.022219581749049366,CHOPPY
1998-10-21 12:09:00,100166.6348,0.0,0.0,0,-0.0007709905611673918,4.055820649309008e-05,7.950816626605422e-06,1.2006927728652954,0.0,3.4412,3.4412,42,0.0,,0.0016663480000000952,-0.0007709905611673918,-0.010868301755201593,CHOPPY
1998-10-21 12:24:00,100166.6348,0.0,0.0,0,-0.00030794369940579416,5.8902896849930326e-05,1.4323364320031271e-05,1.8212356567382812,0.0,3.4038,3.4038,42,0.0,,0.0016663480000000952,-0.00030794369940579416,0.0,CHOPPY
1998-10-21 13:54:00,100166.6348,0.0,0.0,0,-0.0002565460777656603,4.668607024354086e-05,1.1693085242107257e-05,4.0118513107299805,0.0,3.4038,3.4038,42,0.0,,0.0016663480000000952,-0.0002565460777656603,-0.021975439214994896,CHOPPY
1998-10-21 15:08:00,100166.6348,0.0,0.0,0,0.000310324954730699,5.0332832487325425e-05,1.9867005485314217e-05,0.1290358304977417,0.06962264122219115,3.329,3.329,48,0.0,,0.0016663480000000952,0.000310324954730699,-0.011234604986482544,CHOPPY
1998-10-21 15:49:00,100166.6348,0.0,0.0,0,0.0004384010680194879,5.1767249286140335e-05,1.9661382310435768e-05,1.1616075038909912,0.09887001029688638,3.2916,3.2916,48,0.0,,0.0016663480000000952,0.0004384010680194879,-0.034086766314254446,CHOPPY
1998-10-22 09:32:00,100166.6348,0.0,0.0,0,0.00020514186945758635,5.24124851960975e-05,1.9163444118863002e-05,1.5191919803619385,0.04686164465442124,3.1794,3.1794,63,0.0,,0.0016663480000000952,0.00020514186945758635,0.023526451531735715,CHOPPY
1998-10-22 10:17:00,100166.6348,0.0,0.0,0,-1.956763546358031e-05,4.967714470249096e-05,1.942956789989101e-05,1.2031041383743286,0.0,3.2542,3.2542,1,0.0,,0.0016663480000000952,-1.956763546358031e-05,-0.01149284002212525,CHOPPY
1998-10-22 10:52:00,100166.6348,0.0,0.0,0,0.00039347101761421423,5.048960995047689e-05,1.9574582413092525e-05,1.5558152198791504,0.08893372750722363,3.2168,3.2168,48,0.0,,0.0016663480000000952,0.00039347101761421423,0.0813852275553344,CHOPPY
1998-10-22 14:35:00,100166.6348,0.0,0.0,0,0.0003899488762110559,7.349890276379003e-05,1.489889206026478e-05,1.3174489736557007,0.10102542498898032,3.4786,3.4786,35,0.0,,0.0016663480000000952,0.0003899488762110559,0.010780198930604223,CHOPPY
1998-10-22 14:39:00,100166.6348,0.0,0.0,0,0.00014153287151852443,4.9556655748528074e-05,2.2416040817702256e-05,5.721506595611572,0.02989357553287762,3.5161,3.5909,33,0.0,,0.0016663480000000952,0.00014153287151852443,0.0,CHOPPY
1998-10-22 14:43:00,100166.6348,0.0,0.0,0,-8.082384908402472e-05,5.144547123224999e-05,1.3573913623483227e-05,0.39272037148475647,0.0,3.5161,3.5161,7,0.0,,0.0016663480000000952,-8.082384908402472e-05,0.021273570148744314,CHOPPY
1998-10-22 15:11:00,100166.6348,0.0,0.0,0,0.0007050538645623379,7.163728987549075e-05,2.652109041382087e-05,1.3769148588180542,0.13690730113649938,3.5909,3.5535,51,0.0,,0.0016663480000000952,0.0007050538645623379,0.0,CHOPPY
1998-10-22 15:12:00,100166.6348,0.0,0.0,0,0.0006955230227266252,5.656250182866761e-05,1.8128433385586953e-05,1.2992342710494995,0.16335460154584977,3.5909,3.5909,51,0.0,,0.0016663480000000952,0.0006955230227266252,-0.031273496894928754,CHOPPY
1998-10-23 10:49:00,100166.6348,0.0,0.0,0,-0.00017615088039460214,3.5978136375205196e-05,7.97837948941984e-06,5.980621814727783,0.0,3.4786,3.4786,17,0.0,,0.0016663480000000952,-0.00017615088039460214,,CHOPPY
