timestamp,p_raw,p_cal,y,is_entry,weight,pnl
1998-10-01 09:37:00,0.4554988065716946,0.32575757575757575,0,0,0.0,-0.026782517365669833
1998-10-01 09:39:00,0.4835670392759804,0.3486486486486486,0,0,0.0,-0.018015848165900072
1998-10-01 10:10:00,0.45736775596830676,0.3481481481481481,0,0,0.0,-0.026782517365669833
1998-10-01 10:12:00,0.46110897588351163,0.3481481481481481,0,0,0.0,-0.018015848165900072
1998-10-01 10:43:00,0.467407372399575,0.3481481481481481,0,0,0.0,-0.018179608700935712
1998-10-01 11:03:00,0.431391906608939,0.32575757575757575,0,0,0.0,-0.027269413051403513
1998-10-01 11:06:00,0.46830830796293266,0.3481481481481481,0,0,0.0,-0.01834637364793601
1998-10-01 11:29:00,0.44458928267838793,0.32575757575757575,0,0,0.0,-0.02751956047190396
1998-10-01 14:16:00,0.4647889364817266,0.3481481481481481,0,0,0.0,-0.02751956047190396
1998-10-01 14:35:00,0.47401924665318257,0.3486486486486486,0,0,0.0,-0.03669274729587191
1998-10-01 14:36:00,0.46405825133511436,0.3481481481481481,0,0,0.0,-0.03669274729587191
1998-10-02 09:34:00,0.4710582287348853,0.3481481481481481,0,0,0.0,-0.037032452904918634
1998-10-02 09:48:00,0.48197430462431745,0.3486486486486486,0,0,0.0,-0.037032452904918634
1998-10-02 09:59:00,0.4644126520807841,0.3481481481481481,0,0,0.0,-0.028033880518701815
1998-10-02 10:08:00,0.4722274978054859,0.34833124930616466,0,0,0.0,-0.01886554515876826
1998-10-02 10:12:00,0.4724742282805529,0.3486486486486486,0,0,0.0,-0.01886554515876826
1998-10-02 10:21:00,0.4722917145246415,0.3485446930121599,0,0,0.0,-0.009522597071928818
1998-10-02 10:35:00,0.4708003108422321,0.3481481481481481,0,0,0.0,-0.019045194143857413
1998-10-02 10:43:00,0.49311621990983634,0.3486486486486486,0,0,0.0,0.0
1998-10-02 11:03:00,0.45234098677461615,0.32575757575757575,0,0,0.0,-0.038456594946145284
1998-10-02 11:16:00,0.4835905929980842,0.3486486486486486,0,0,0.0,-0.038456594946145284
1998-10-02 11:19:00,0.5084592685332461,0.3486486486486486,0,0,0.0,-0.047612985359643645
1998-10-02 11:21:00,0.45115482149527675,0.32575757575757575,0,0,0.0,-0.038456594946145284
1998-10-02 11:23:00,0.4154324935583756,0.32575757575757575,0,0,0.0,-0.038456594946145284
1998-10-02 11:28:00,0.5096358998032995,0.3486486486486486,0,0,0.0,-0.047612985359643645
1998-10-02 11:29:00,0.3766290713373694,0.32575757575757575,0,0,0.0,-0.038456594946145284
1998-10-02 11:37:00,0.45875842330839656,0.3481481481481481,0,0,0.0,-0.047612985359643645
1998-10-02 11:49:00,0.46308518718821945,0.3481481481481481,0,0,0.0,-0.02912243361798217
1998-10-02 11:57:00,0.4076898777800715,0.32575757575757575,0,0,0.0,-0.038456594946145284
1998-10-02 12:13:00,0.4477581188462217,0.32575757575757575,0,0,0.0,-0.02912243361798217
1998-10-02 12:50:00,0.6909462596343828,0.5,0,0,0.0,0.0
1998-10-02 12:51:00,0.4903343845788688,0.3486486486486486,0,0,0.0,-0.019605273504049503
1998-10-02 14:37:00,0.4674398162082371,0.3481481481481481,1,0,0.0,0.010099646242337501
1998-10-02 14:49:00,0.3991688517718285,0.32575757575757575,0,0,0.0,0.0
1998-10-02 15:01:00,0.43066550137895293,0.32575757575757575,0,0,0.0,0.0
1998-10-02 15:05:00,0.43208788611419,0.32575757575757575,0,0,0.0,0.0
1998-10-02 15:08:00,0.4364731448951672,0.32575757575757575,0,0,0.0,0.0
1998-10-02 15:12:00,0.4344141305301943,0.32575757575757575,0,0,0.0,-0.029995989840930326
1998-10-02 15:15:00,0.43735594455622184,0.32575757575757575,0,0,0.0,-0.029995989840930326
1998-10-02 15:18:00,0.4435410393919015,0.32575757575757575,0,0,0.0,-0.029995989840930326
1998-10-02 15:31:00,0.5124197312749065,0.3486486486486486,0,0,0.0,-0.0395987188649779
1998-10-02 15:32:00,0.45410145947761715,0.32575757575757575,0,0,0.0,-0.0395987188649779
1998-10-02 15:34:00,0.47144933663431504,0.3481481481481481,0,0,0.0,-0.03999465312124051
1998-10-02 15:42:00,0.43555689474718834,0.32575757575757575,0,0,0.0,-0.03999465312124051
1998-10-02 15:45:00,0.43813981405707536,0.32575757575757575,0,0,0.0,-0.03999465312124051
1998-10-02 15:46:00,0.4351536687158506,0.32575757575757575,0,0,0.0,-0.03999465312124051
1998-10-05 09:33:00,0.4687910456777026,0.3481481481481481,0,0,0.0,-0.02040537960007649
1998-10-05 09:35:00,0.47619700693178973,0.3486486486486486,0,0,0.0,-0.010307857674392906
1998-10-05 10:50:00,0.4842975460053818,0.3486486486486486,0,0,0.0,-0.010415216241053793
1998-10-05 10:51:00,0.46930862249349997,0.3481481481481481,0,0,0.0,-0.010415216241053793
1998-10-05 10:57:00,0.482148387308395,0.3486486486486486,0,0,0.0,0.0
1998-10-05 11:20:00,0.4792201986456311,0.3486486486486486,0,0,0.0,-0.020858280653875072
1998-10-05 11:21:00,0.4790026951184487,0.3486486486486486,0,0,0.0,-0.031273496894928754
1998-10-05 12:03:00,0.4233052982321915,0.32575757575757575,0,0,0.0,-0.04168871313598266
1998-10-05 13:24:00,0.469499097430766,0.3481481481481481,0,0,0.0,-0.010524834670043726
1998-10-05 13:27:00,0.45313410746046145,0.32575757575757575,0,0,0.0,-0.020830432482107586
1998-10-05 14:08:00,0.4624941308381116,0.3481481481481481,0,0,0.0,0.0
1998-10-05 15:08:00,0.46399183126544513,0.3481481481481481,0,0,0.0,0.0
1998-10-05 15:21:00,0.4493803739784269,0.32575757575757575,0,0,0.0,0.0
1998-10-05 15:25:00,0.4620144153912681,0.3481481481481481,1,0,0.0,2.8441410693913483e-05
1998-10-05 15:40:00,0.4893949397003854,0.3486486486486486,1,0,0.0,0.010780198930604223
1998-10-05 15:56:00,0.428941776838707,0.32575757575757575,1,0,0.0,2.8441410693913483e-05
1998-10-05 15:57:00,0.4610720271688828,0.3481481481481481,1,0,0.0,0.021531650664060153
1998-10-06 09:32:00,0.41360193934927203,0.32575757575757575,1,0,0.0,0.010636785074372268
1998-10-06 09:36:00,0.49414444876980745,0.3486486486486486,1,0,0.0,0.04350226665116819
1998-10-06 09:37:00,0.46261233586791894,0.3481481481481481,1,0,0.0,0.032283102397516306
1998-10-06 09:45:00,0.514821455764901,0.3486486486486486,1,0,0.0,0.021273570148744314
1998-10-06 09:46:00,0.576455782914023,0.3486486486486486,1,0,0.0,0.02104966934008723
1998-10-06 09:54:00,0.5288521123765813,0.3486486486486486,1,0,0.0,0.021273570148744314
1998-10-06 09:57:00,0.5748049343939219,0.3486486486486486,1,0,0.0,0.02104966934008723
1998-10-06 09:59:00,0.5697136982956129,0.3486486486486486,1,0,0.0,0.021273570148744314
1998-10-06 10:12:00,0.5606281968708476,0.3486486486486486,1,0,0.0,0.04209933868017446
1998-10-06 10:52:00,0.42121030229987017,0.32575757575757575,1,0,0.0,0.04254714029748885
1998-10-06 10:53:00,0.5233183443050182,0.3486486486486486,1,0,0.0,0.04254714029748885
1998-10-06 10:55:00,0.46246343467443746,0.3481481481481481,1,0,0.0,0.04254714029748885
1998-10-06 11:00:00,0.4873629450911994,0.3486486486486486,1,0,0.0,0.04254714029748885
1998-10-06 11:17:00,0.4707384561529666,0.3481481481481481,1,0,0.0,0.031574504010130955
1998-10-06 11:20:00,0.47104815631414476,0.3481481481481481,1,0,0.0,0.031574504010130955
1998-10-06 11:26:00,0.4683297430001057,0.3481481481481481,1,0,0.0,0.010415216241053793
1998-10-06 11:30:00,0.5297455951700644,0.3486486486486486,1,0,0.0,0.010415216241053793
1998-10-06 11:40:00,0.5075647407934835,0.3486486486486486,1,0,0.0,0.010307857674393128
1998-10-06 11:42:00,0.5022712756318216,0.3486486486486486,1,0,0.0,0.020830432482107586
1998-10-06 11:49:00,0.5410837561897212,0.3486486486486486,0,0,0.0,0.0
1998-10-06 12:22:00,0.566979018923349,0.3486486486486486,1,0,0.0,0.010415216241053793
1998-10-06 12:29:00,0.5134493155915949,0.3486486486486486,0,0,0.0,-0.010202689800038245
1998-10-06 12:32:00,0.538269989946026,0.3486486486486486,0,0,0.0,0.0
1998-10-06 12:33:00,0.5497358107504884,0.3486486486486486,0,0,0.0,-0.020199292484675002
1998-10-06 13:08:00,0.550233693983828,0.3486486486486486,0,0,0.0,-0.010202689800038245
1998-10-06 13:50:00,0.5660965642761884,0.3486486486486486,0,0,0.0,-0.02040537960007649
1998-10-06 13:58:00,0.4668261608772037,0.3481481481481481,0,0,0.0,-0.02040537960007649
1998-10-06 14:07:00,0.4164311667111686,0.32575757575757575,0,0,0.0,0.0
1998-10-06 14:58:00,0.498288176985894,0.3486486486486486,0,0,0.0,-0.02040537960007649
1998-10-06 15:32:00,0.4632759839979467,0.3481481481481481,0,0,0.0,-0.010307857674392906
1998-10-06 15:51:00,0.47813965890363874,0.3486486486486486,0,0,0.0,-0.030608069400114624
1998-10-07 09:35:00,0.4673360872417547,0.3481481481481481,0,0,0.0,-0.020615715348785812
1998-10-07 09:58:00,0.49711976424585397,0.3486486486486486,0,0,0.0,-0.04081075920015287
1998-10-07 10:44:00,0.41001459160540876,0.32575757575757575,0,0,0.0,-0.03092357302317894
1998-10-07 11:06:00,0.47914924558888444,0.3486486486486486,0,0,0.0,-0.020830432482107586
1998-10-07 11:07:00,0.44360883445171617,0.32575757575757575,0,0,0.0,-0.020830432482107586
1998-10-07 11:08:00,0.42803670662024157,0.32575757575757575,0,0,0.0,-0.020830432482107586
1998-10-07 11:11:00,0.4277021302918937,0.32575757575757575,0,0,0.0,-0.010415216241053793
1998-10-07 11:12:00,0.429974101091262,0.32575757575757575,0,0,0.0,-0.020830432482107586
1998-10-07 11:45:00,0.4626275764410995,0.3481481481481481,0,0,0.0,-0.03092357302317894
1998-10-07 11:56:00,0.42089709872900616,0.32575757575757575,0,0,0.0,-0.020830432482107586
1998-10-07 12:39:00,0.46196994700222244,0.3481481481481481,0,0,0.0,-0.010524834670043726
1998-10-07 13:07:00,0.41328093997434345,0.32575757575757575,0,0,0.0,-0.04168871313598266
1998-10-07 13:15:00,0.4449401643245102,0.32575757575757575,0,0,0.0,-0.03160264527930212
1998-10-07 15:11:00,0.4729806744505937,0.3486486486486486,0,0,0.0,-0.042127479949345736
1998-10-07 15:36:00,0.4813777168952109,0.3486486486486486,0,0,0.0,-0.021302010750547495
1998-10-07 15:48:00,0.4757718729393524,0.3486486486486486,0,0,0.0,-0.03193879582491965
1998-10-07 15:49:00,0.4829312068214783,0.3486486486486486,0,0,0.0,-0.042127479949345736
1998-10-07 15:51:00,0.4286952663329363,0.32575757575757575,0,0,0.0,-0.03193879582491965
1998-10-08 09:32:00,0.4487405890054498,0.32575757575757575,0,0,0.0,-0.021502903466912082
1998-10-08 09:49:00,0.5510867585329845,0.3486486486486486,0,0,0.0,-0.053757258667279983
1998-10-08 10:07:00,0.5010101636720287,0.3486486486486486,0,0,0.0,-0.053212365973663855
1998-10-08 10:13:00,0.4703876010622876,0.3481481481481481,0,0,0.0,-0.0434732070208067
1998-10-08 10:18:00,0.4436641341880053,0.32575757575757575,0,0,0.0,-0.0434732070208067
1998-10-08 10:23:00,0.4886080915665064,0.3486486486486486,0,0,0.0,-0.032963158822492566
1998-10-08 10:36:00,0.4813466105382294,0.3486486486486486,0,0,0.0,-0.043950878429990015
1998-10-08 10:38:00,0.5521535312399017,0.3486486486486486,0,0,0.0,-0.053757258667279983
1998-10-08 10:45:00,0.4057262948133154,0.32575757575757575,0,0,0.0,-0.054341508776008296
1998-10-08 10:54:00,0.41959179442037825,0.32575757575757575,0,0,0.0,-0.054341508776008296
1998-10-08 11:02:00,0.4561810180305423,0.32575757575757575,0,0,0.0,-0.043950878429990015
1998-10-08 11:07:00,0.4400887465281146,0.32575757575757575,0,0,0.0,-0.06520981053121
1998-10-08 11:10:00,0.4427655982255249,0.32575757575757575,0,0,0.0,-0.05493859803748746
1998-10-08 11:31:00,0.432701110732096,0.32575757575757575,0,0,0.0,-0.07691403725248258
1998-10-08 11:50:00,0.42523758590528554,0.32575757575757575,0,0,0.0,-0.08790175685998003
1998-10-08 12:01:00,0.5183606879730541,0.3486486486486486,0,0,0.0,-0.0674076299188946
1998-10-08 12:18:00,0.486292827453848,0.3486486486486486,0,0,0.0,-0.07864223490537703
1998-10-08 12:20:00,0.5012152454866569,0.3486486486486486,0,0,0.0,-0.06817353262850889
1998-10-08 12:28:00,0.45519812388103975,0.32575757575757575,0,0,0.0,-0.08987683989185957
1998-10-08 12:36:00,0.4734620664897365,0.3486486486486486,0,0,0.0,-0.07953578806659378
1998-10-08 12:41:00,0.5026532708643295,0.3486486486486486,0,0,0.0,-0.06895704013275161
1998-10-08 12:44:00,0.5030100936378052,0.3486486486486486,0,0,0.0,-0.08044988015487675
1998-10-08 12:57:00,0.46037647416033073,0.3481481481481481,0,0,0.0,-0.09089804350467856
1998-10-08 13:01:00,0.4643131999858023,0.3481481481481481,0,0,0.0,-0.08044988015487675
1998-10-08 13:09:00,0.4631294079444531,0.3481481481481481,0,0,0.0,-0.08044988015487675
1998-10-08 13:11:00,0.4975997383835692,0.3486486486486486,0,0,0.0,-0.05813230539666758
1998-10-08 13:16:00,0.5598401418158886,0.3486486486486486,0,0,0.0,-0.059516231699554334
1998-10-08 13:18:00,0.5210424847919909,0.3486486486486486,0,0,0.0,-0.04818656187592607
1998-10-08 13:23:00,0.5068677084383373,0.3486486486486486,0,0,0.0,-0.059516231699554334
1998-10-08 13:33:00,0.5034967819657112,0.3486486486486486,0,0,0.0,-0.06023320234490748
1998-10-08 13:36:00,0.5398239249187111,0.3486486486486486,0,0,0.0,-0.06023320234490748
1998-10-08 13:51:00,0.5699621805605661,0.3486486486486486,0,0,0.0,-0.04877412623891497
1998-10-08 14:00:00,0.5166701917054732,0.3486486486486486,0,0,0.0,-0.04877412623891497
1998-10-08 14:03:00,0.6130320252591505,0.4163522308876853,0,0,0.0,-0.037032147336457766
1998-10-08 14:18:00,0.5664359581865535,0.3486486486486486,0,0,0.0,-0.03749498730116296
1998-10-08 14:20:00,0.4964067108599451,0.3486486486486486,0,0,0.0,-0.024996658200775235
1998-10-08 14:23:00,0.46720208472645447,0.3481481481481481,0,0,0.0,-0.024996658200775235
1998-10-08 14:24:00,0.47211649038079007,0.3481481481481481,0,0,0.0,-0.024688098224305177
1998-10-08 14:25:00,0.5067012916292017,0.3486486486486486,0,0,0.0,0.0
1998-10-08 14:26:00,0.4973956587369333,0.3486486486486486,0,0,0.0,0.0
1998-10-08 14:28:00,0.498027991119091,0.3486486486486486,0,0,0.0,-0.012656514382402673
1998-10-08 14:32:00,0.5268615255970289,0.3486486486486486,1,0,0.0,0.02563751028242378
1998-10-08 14:46:00,0.4948087757903258,0.3486486486486486,1,0,0.0,0.0389556280813832
1998-10-08 14:48:00,0.4930143391740305,0.3486486486486486,1,0,0.0,0.02563751028242378
1998-10-08 14:51:00,0.5723762335423899,0.3486486486486486,1,0,0.0,0.0389556280813832
1998-10-08 14:52:00,0.4847636446843063,0.3486486486486486,1,0,0.0,0.02563751028242378
1998-10-08 14:59:00,0.48467926487765167,0.3486486486486486,1,0,0.0,0.012818755141212002
1998-10-08 15:01:00,0.49198663599207393,0.3486486486486486,1,0,0.0,0.05194083744184441
1998-10-08 15:04:00,0.4851394681466918,0.3486486486486486,1,0,0.0,0.09089646552322761
1998-10-08 15:05:00,0.48456986326003704,0.3486486486486486,1,0,0.0,0.05194083744184441
1998-10-08 15:08:00,0.4465511002013662,0.32575757575757575,1,0,0.0,0.051275020564847784
1998-10-08 15:24:00,0.420457389868484,0.32575757575757575,1,0,0.0,0.025313028764805345
1998-10-08 15:25:00,0.43820628038809506,0.32575757575757575,1,0,0.0,0.025313028764805345
1998-10-08 15:29:00,0.44660908983317266,0.32575757575757575,1,0,0.0,0.02563751028242378
1998-10-08 15:30:00,0.4481173513147457,0.32575757575757575,1,0,0.0,0.012656514382402673
1998-10-08 15:32:00,0.5042643969618796,0.3486486486486486,0,0,0.0,0.0
1998-10-08 15:33:00,0.43872116526850213,0.32575757575757575,1,0,0.0,0.012656514382402673
1998-10-08 15:37:00,0.4850321142626282,0.3486486486486486,0,0,0.0,-0.012498329100387617
1998-10-08 15:44:00,0.5255165600409419,0.3486486486486486,0,0,0.0,0.0
1998-10-08 15:47:00,0.4799199760798586,0.3486486486486486,1,0,0.0,0.012656514382402673
1998-10-08 15:48:00,0.5081419538328799,0.3486486486486486,1,0,0.0,0.012656514382402673
1998-10-08 15:52:00,0.43620346727723913,0.32575757575757575,0,0,0.0,-0.012344049112152589
1998-10-09 09:35:00,0.4397068618390367,0.32575757575757575,0,0,0.0,-0.024387063119457597
1998-10-09 09:47:00,0.3859750341067664,0.32575757575757575,0,0,0.0,-0.047612985359643534
1998-10-09 09:55:00,0.5504580091318698,0.3486486486486486,0,0,0.0,-0.012344049112152589
1998-10-09 09:56:00,0.5535391247616911,0.3486486486486486,0,0,0.0,-0.024387063119457597
1998-10-09 09:57:00,0.5042217788635979,0.3486486486486486,0,0,0.0,-0.012344049112152589
1998-10-09 10:08:00,0.5267499443126373,0.3486486486486486,0,0,0.0,-0.012344049112152589
1998-10-09 10:14:00,0.5196601527223381,0.3486486486486486,0,0,0.0,-0.024688098224305177
1998-10-09 10:27:00,0.44165621342036104,0.32575757575757575,0,0,0.0,0.0
1998-10-09 10:41:00,0.4666609360272447,0.3481481481481481,1,0,0.0,0.012656514382402673
1998-10-09 10:43:00,0.4508582716887082,0.32575757575757575,0,0,0.0,0.0
1998-10-09 10:51:00,0.45654243504963193,0.3481481481481481,1,0,0.0,0.012656514382402673
1998-10-09 11:07:00,0.44197655233597033,0.32575757575757575,1,0,0.0,0.012498329100387506
1998-10-09 11:48:00,0.4004603394962735,0.32575757575757575,1,0,0.0,0.012498329100387506
1998-10-09 12:34:00,0.42208753687937517,0.32575757575757575,0,0,0.0,0.0
1998-10-09 12:53:00,0.43464278984993454,0.32575757575757575,1,0,0.0,0.012656514382402673
1998-10-09 12:54:00,0.42714988505176654,0.32575757575757575,0,0,0.0,0.0
1998-10-09 13:00:00,0.4344096875772568,0.32575757575757575,0,0,0.0,0.0
1998-10-09 13:49:00,0.4623914425242655,0.3481481481481481,1,0,0.0,0.012656514382402673
1998-10-09 14:11:00,0.39452821156391654,0.32575757575757575,0,0,0.0,0.0
1998-10-09 14:25:00,0.4766096948134733,0.3486486486486486,0,0,0.0,-0.012498329100387617
1998-10-09 14:48:00,0.44126891094070775,0.32575757575757575,0,0,0.0,-0.012344049112152589
1998-10-09 15:00:00,0.5232361729896515,0.3486486486486486,0,0,0.0,-0.012344049112152589
1998-10-09 15:14:00,0.4068661876619418,0.32575757575757575,0,0,0.0,0.0
1998-10-09 15:23:00,0.4283347565370315,0.32575757575757575,0,0,0.0,0.0
1998-10-09 15:24:00,0.45531464329260135,0.32575757575757575,1,0,0.0,0.012498329100387506
1998-10-09 15:38:00,0.4221864001553638,0.32575757575757575,0,0,0.0,0.0
1998-10-09 15:44:00,0.4490761226667686,0.32575757575757575,1,0,0.0,0.012656514382402673
1998-10-09 15:50:00,0.4210066278319051,0.32575757575757575,0,0,0.0,-0.012498329100387617
1998-10-12 09:33:00,0.40771257761065893,0.32575757575757575,1,0,0.0,0.024996658200775457
1998-10-12 09:46:00,0.4263003180979219,0.32575757575757575,0,0,0.0,0.0
1998-10-12 10:13:00,0.48208781667398387,0.3486486486486486,1,0,0.0,0.012656514382402673
1998-10-12 10:18:00,0.45488246255517506,0.32575757575757575,0,0,0.0,-0.012498329100387617
1998-10-12 10:20:00,0.42343842101143053,0.32575757575757575,0,0,0.0,0.0
1998-10-12 10:31:00,0.4938637089313881,0.3486486486486486,0,0,0.0,0.0
1998-10-12 10:40:00,0.4925117887474584,0.3486486486486486,0,0,0.0,0.0
1998-10-12 10:46:00,0.45926423666123123,0.3481481481481481,0,0,0.0,0.0
1998-10-12 10:51:00,0.5484483528288656,0.3486486486486486,0,0,0.0,0.0
1998-10-12 10:56:00,0.46876748439387844,0.3481481481481481,0,0,0.0,-0.012498329100387617
1998-10-12 11:09:00,0.44440643267525687,0.32575757575757575,1,0,0.0,0.012656514382402673
1998-10-12 11:13:00,0.4629820457759456,0.3481481481481481,0,0,0.0,-0.012498329100387617
1998-10-12 11:17:00,0.5308897884148114,0.3486486486486486,0,0,0.0,-0.036580594679186285
1998-10-12 11:30:00,0.47811843520673686,0.3486486486486486,0,0,0.0,-0.024996658200775235
1998-10-12 11:50:00,0.45573567282442506,0.32575757575757575,0,0,0.0,-0.012656514382402673
1998-10-12 12:01:00,0.5599676804836297,0.3486486486486486,0,0,0.0,-0.03749498730116296
1998-10-12 12:39:00,0.4416412672584441,0.32575757575757575,0,0,0.0,-0.03749498730116296
1998-10-12 12:48:00,0.5626799552055135,0.3486486486486486,0,0,0.0,-0.049376196448610465
1998-10-12 12:55:00,0.4490979934407249,0.32575757575757575,0,0,0.0,-0.025313028764805456
1998-10-12 13:12:00,0.4239587987872744,0.32575757575757575,0,0,0.0,-0.025313028764805456
1998-10-12 13:25:00,0.4681780069457997,0.3481481481481481,0,0,0.0,-0.024996658200775235
1998-10-12 13:35:00,0.4281858642454785,0.32575757575757575,0,0,0.0,-0.012656514382402673
1998-10-12 13:45:00,0.4923717832681242,0.3486486486486486,0,0,0.0,-0.03749498730116296
1998-10-12 13:46:00,0.4444778688395021,0.32575757575757575,0,0,0.0,-0.03796954314720813
1998-10-12 14:04:00,0.4682716057286112,0.3481481481481481,0,0,0.0,-0.025637510282424003
1998-10-12 14:20:00,0.47116755233053126,0.3481481481481481,0,0,0.0,-0.012818755141212113
1998-10-12 14:24:00,0.45863865748653654,0.3481481481481481,0,0,0.0,-0.03796954314720813
1998-10-12 14:25:00,0.4759762688750542,0.3486486486486486,1,0,0.0,0.012985209360461214
1998-10-12 14:26:00,0.44422492724705914,0.32575757575757575,0,0,0.0,-0.012818755141212113
1998-10-12 14:42:00,0.4756493799950516,0.3486486486486486,1,0,0.0,0.0389556280813832
1998-10-12 14:58:00,0.4679446020016875,0.3481481481481481,1,0,0.0,0.0389556280813832
1998-10-12 15:06:00,0.4913789343693538,0.3486486486486486,1,0,0.0,0.06578021668777256
1998-10-12 15:10:00,0.484683282942281,0.3486486486486486,1,0,0.0,0.05194083744184441
1998-10-12 15:11:00,0.45079895420556043,0.32575757575757575,1,0,0.0,0.05194083744184441
1998-10-12 15:21:00,0.4366164674610594,0.32575757575757575,0,0,0.0,-0.03895562808138331
1998-10-12 15:23:00,0.5235303641642225,0.3486486486486486,0,0,0.0,-0.051275020564848006
1998-10-12 15:38:00,0.44560733750345227,0.32575757575757575,0,0,0.0,-0.03895562808138331
1998-10-12 15:45:00,0.4606965244506507,0.3481481481481481,0,0,0.0,-0.01315604333755449
1998-10-12 15:53:00,0.43589086010030076,0.32575757575757575,0,0,0.0,-0.03895562808138331
1998-10-13 09:32:00,0.4628664411547612,0.3481481481481481,0,0,0.0,-0.026312086675109092
1998-10-13 09:39:00,0.5850127422439505,0.3486486486486486,0,0,0.0,-0.038456265423635894
1998-10-13 09:47:00,0.4628372097456287,0.3481481481481481,0,0,0.0,-0.025970418720922095
1998-10-13 09:49:00,0.5541265240472882,0.3486486486486486,0,0,0.0,-0.051275020564848006
1998-10-13 09:54:00,0.5445504855774473,0.3486486486486486,0,0,0.0,-0.0624916455019382
1998-10-13 10:01:00,0.5352797377963431,0.3486486486486486,0,0,0.0,-0.07498997460232593
1998-10-13 10:04:00,0.5033589283330551,0.3486486486486486,0,0,0.0,-0.08640834378506834
1998-10-13 10:27:00,0.5502067203483826,0.3486486486486486,0,0,0.0,-0.11112944748828302
1998-10-13 10:34:00,0.5241083086437974,0.3486486486486486,0,0,0.0,-0.10002005079534826
1998-10-13 10:47:00,0.4479970941846526,0.32575757575757575,0,0,0.0,-0.07694680559363876
1998-10-13 10:52:00,0.5362575834379595,0.3486486486486486,0,0,0.0,-0.027059248554913262
1998-10-13 11:12:00,0.46900925370361624,0.3481481481481481,0,0,0.0,-0.05336137449205114
1998-10-13 11:14:00,0.5130587392392605,0.3486486486486486,0,0,0.0,-0.04057080924855483
1998-10-13 11:33:00,0.44270700003130764,0.32575757575757575,0,0,0.0,-0.05336137449205114
1998-10-13 11:40:00,0.44966374288675953,0.32575757575757575,0,0,0.0,-0.04057080924855483
1998-10-13 11:45:00,0.4652903110498724,0.3481481481481481,0,0,0.0,-0.05336137449205114
1998-10-13 11:49:00,0.43070878759539544,0.32575757575757575,0,0,0.0,-0.054082369942196395
1998-10-13 12:04:00,0.5076117376481879,0.3486486486486486,0,0,0.0,-0.05554936690059786
1998-10-13 12:05:00,0.5015477448495241,0.3486486486486486,0,0,0.0,-0.04166202517544826
1998-10-13 12:31:00,0.4934011675510294,0.3486486486486486,0,0,0.0,-0.04166202517544826
1998-10-13 12:33:00,0.432562953577891,0.32575757575757575,0,0,0.0,-0.04112649234600452
1998-10-13 12:34:00,0.49249443344512245,0.3486486486486486,0,0,0.0,-0.05554936690059786
1998-10-13 12:52:00,0.49960099575287115,0.3486486486486486,0,0,0.0,-0.04166202517544826
1998-10-13 12:58:00,0.500145210727232,0.3486486486486486,0,0,0.0,-0.028165831984034218
1998-10-13 13:17:00,0.4745081423362509,0.3486486486486486,0,0,0.0,-0.028165831984034218
1998-10-13 13:30:00,0.4719441239479464,0.3481481481481481,0,0,0.0,-0.028165831984034218
1998-10-13 13:37:00,0.4869882106522692,0.3486486486486486,0,0,0.0,-0.04224874797605149
1998-10-13 14:12:00,0.5016695447785267,0.3486486486486486,0,0,0.0,-0.014491069006935642
1998-10-13 14:20:00,0.5726999973893406,0.3486486486486486,0,0,0.0,0.0
1998-10-13 14:23:00,0.48298083880832515,0.3486486486486486,0,0,0.0,-0.028982138013871173
1998-10-13 14:30:00,0.44846784385383587,0.32575757575757575,0,0,0.0,-0.028568154909674237
1998-10-13 14:31:00,0.5071816956033729,0.3486486486486486,0,0,0.0,0.0
1998-10-13 14:36:00,0.45424358470266757,0.32575757575757575,1,0,0.0,0.01449106900693553
1998-10-13 14:37:00,0.4983069653268599,0.3486486486486486,1,0,0.0,0.014704147827796499
1998-10-13 14:51:00,0.4507931444742223,0.32575757575757575,0,0,0.0,-0.014491069006935642
1998-10-13 14:53:00,0.49313710615281725,0.3486486486486486,1,0,0.0,0.029408295655592775
1998-10-13 14:58:00,0.43692784780167493,0.32575757575757575,1,0,0.0,0.01449106900693553
1998-10-13 14:59:00,0.4449821581875484,0.32575757575757575,1,0,0.0,0.01449106900693553
1998-10-13 15:04:00,0.44469958942222937,0.32575757575757575,1,0,0.0,0.014284077454836952
1998-10-13 15:12:00,0.5473845241544267,0.3486486486486486,1,0,0.0,0.029408295655592775
1998-10-13 15:14:00,0.4849794667517279,0.3486486486486486,1,0,0.0,0.014704147827796499
1998-10-13 15:33:00,0.49182210644122093,0.3486486486486486,1,0,0.0,0.02984717289812866
1998-10-13 15:36:00,0.47082020746945247,0.3481481481481481,1,0,0.0,0.029408295655592775
1998-10-13 15:37:00,0.4533153522262611,0.32575757575757575,1,0,0.0,0.029408295655592775
1998-10-13 15:42:00,0.4473935254182187,0.32575757575757575,0,0,0.0,-0.014284077454837063
1998-10-13 15:43:00,0.4450056672615105,0.32575757575757575,1,0,0.0,0.01449106900693553
1998-10-13 15:45:00,0.5675868031260831,0.3486486486486486,1,0,0.0,0.029408295655592775
1998-10-13 15:48:00,0.5030139471584724,0.3486486486486486,1,0,0.0,0.014284077454836952
1998-10-14 09:32:00,0.4688555827989458,0.3481481481481481,0,0,0.0,-0.014082915992017164
1998-10-14 09:35:00,0.5008133132400896,0.3486486486486486,1,0,0.0,0.014284077454836952
1998-10-14 09:49:00,0.44808081236611624,0.32575757575757575,1,0,0.0,0.01449106900693553
1998-10-14 09:50:00,0.47436468279090693,0.3486486486486486,0,0,0.0,0.0
1998-10-14 09:56:00,0.4465214316146455,0.32575757575757575,1,0,0.0,0.01449106900693553
1998-10-14 10:20:00,0.5333694160584397,0.3486486486486486,1,0,0.0,0.014284077454836952
1998-10-14 10:34:00,0.4455395217620919,0.32575757575757575,1,0,0.0,0.02898213801387106
1998-10-14 11:09:00,0.49396793310309817,0.3486486486486486,0,0,0.0,-0.014284077454837063
1998-10-14 11:14:00,0.5227759801771528,0.3486486486486486,0,0,0.0,0.0
1998-10-14 11:22:00,0.5214122937925831,0.3486486486486486,0,0,0.0,-0.014082915992017164
1998-10-14 11:27:00,0.49253398576034413,0.3486486486486486,0,0,0.0,-0.014284077454837063
1998-10-14 11:38:00,0.522418376144455,0.3486486486486486,0,0,0.0,-0.028165831984034218
1998-10-14 11:48:00,0.4590610645901181,0.3481481481481481,0,0,0.0,-0.014284077454837063
1998-10-14 11:52:00,0.5385126003445991,0.3486486486486486,0,0,0.0,-0.014082915992017164
1998-10-14 12:00:00,0.45493555808346003,0.32575757575757575,1,0,0.0,0.014284077454836952
1998-10-14 12:19:00,0.4962224700453573,0.3486486486486486,0,0,0.0,-0.014284077454837063
1998-10-14 12:24:00,0.5290890596590568,0.3486486486486486,0,0,0.0,-0.014082915992017164
1998-10-14 12:26:00,0.5585948781814122,0.3486486486486486,0,0,0.0,0.0
1998-10-14 12:56:00,0.4460318959318086,0.32575757575757575,1,0,0.0,0.014284077454836952
1998-10-14 13:11:00,0.4960360248276292,0.3486486486486486,0,0,0.0,0.0
1998-10-14 13:18:00,0.46778081565225377,0.3481481481481481,1,0,0.0,0.01449106900693553
1998-10-14 13:25:00,0.48997633626407744,0.3486486486486486,1,0,0.0,0.01449106900693553
1998-10-14 13:30:00,0.4071661187165285,0.32575757575757575,0,0,0.0,0.0
1998-10-14 13:33:00,0.45773181313593575,0.3481481481481481,1,0,0.0,0.01449106900693553
1998-10-14 13:38:00,0.4241708518629855,0.32575757575757575,1,0,0.0,0.014284077454836952
1998-10-14 13:50:00,0.4564185223416407,0.3440108298361806,1,0,0.0,0.02898213801387106
1998-10-14 13:55:00,0.4253637064201309,0.32575757575757575,1,0,0.0,0.014284077454836952
1998-10-14 14:04:00,0.6085867943087361,0.3622592392662993,0,0,0.0,-0.014082915992017164
1998-10-14 14:06:00,0.5121534958459567,0.3486486486486486,0,0,0.0,-0.028568154909674237
1998-10-14 14:20:00,0.46661453096513283,0.3481481481481481,0,0,0.0,-0.014491069006935642
1998-10-14 14:32:00,0.5665575171662646,0.3486486486486486,0,0,0.0,-0.014284077454837063
1998-10-14 14:47:00,0.42756520716182445,0.32575757575757575,0,0,0.0,-0.014284077454837063
1998-10-14 15:07:00,0.5366259259695678,0.3486486486486486,0,0,0.0,-0.028165831984034218
1998-10-14 15:17:00,0.43698564328651174,0.32575757575757575,0,0,0.0,-0.014284077454837063
1998-10-14 15:27:00,0.4352985779331248,0.32575757575757575,0,0,0.0,-0.028568154909674237
1998-10-14 15:54:00,0.46037225005333876,0.3481481481481481,0,0,0.0,-0.014491069006935642
1998-10-14 15:58:00,0.42546629751458603,0.32575757575757575,0,0,0.0,-0.014284077454837063
1998-10-15 09:34:00,0.4876803508716493,0.3486486486486486,0,0,0.0,-0.04224874797605149
1998-10-15 09:50:00,0.4936811686915968,0.3486486486486486,0,0,0.0,-0.04224874797605149
1998-10-15 09:54:00,0.5894623603932974,0.3486486486486486,0,0,0.0,-0.028568154909674237
1998-10-15 10:23:00,0.4485680557627547,0.32575757575757575,0,0,0.0,-0.014491069006935642
1998-10-15 11:22:00,0.4794566785408318,0.3486486486486486,0,0,0.0,-0.028982138013871173
1998-10-15 11:37:00,0.4627756126989642,0.3481481481481481,0,0,0.0,-0.014704147827796277
1998-10-15 11:44:00,0.46196326170755075,0.3481481481481481,0,0,0.0,-0.014704147827796277
1998-10-15 11:49:00,0.4996922279391346,0.3486486486486486,0,0,0.0,-0.028982138013871173
1998-10-15 11:53:00,0.4306000349500761,0.32575757575757575,0,0,0.0,-0.014704147827796277
1998-10-15 12:36:00,0.47803620747193665,0.3486486486486486,0,0,0.0,-0.014704147827796277
1998-10-15 12:41:00,0.4819552388408694,0.3486486486486486,0,0,0.0,-0.014704147827796277
1998-10-15 13:01:00,0.47270991786918665,0.3486486486486486,0,0,0.0,0.0
1998-10-15 13:03:00,0.501180454001551,0.3486486486486486,0,0,0.0,-0.014704147827796277
1998-10-15 13:04:00,0.4319041703529314,0.32575757575757575,0,0,0.0,0.0
1998-10-15 13:18:00,0.46489873924003955,0.3481481481481481,0,0,0.0,-0.029408295655592553
1998-10-15 13:22:00,0.4499089922841499,0.32575757575757575,0,0,0.0,-0.014923586449064219
1998-10-15 13:24:00,0.4616384342837839,0.3481481481481481,0,0,0.0,-0.014704147827796277
1998-10-15 13:31:00,0.43862802103417675,0.32575757575757575,0,0,0.0,-0.014923586449064219
1998-10-15 13:47:00,0.49753272506344276,0.3486486486486486,0,0,0.0,0.0
1998-10-15 14:36:00,0.4535107071022749,0.32575757575757575,0,0,0.0,-0.014923586449064219
1998-10-15 14:37:00,0.48115519267952217,0.3486486486486486,0,0,0.0,-0.014923586449064219
1998-10-15 14:45:00,0.4698937476468173,0.3481481481481481,1,0,0.0,0.06059869566978571
1998-10-15 14:48:00,0.4789127173494523,0.3486486486486486,1,0,0.0,0.07461793224532132
1998-10-15 14:49:00,0.4632495301355139,0.3481481481481481,1,0,0.0,0.10604771742212504
1998-10-15 14:52:00,0.44722945930155034,0.32575757575757575,1,0,0.0,0.07461793224532132
1998-10-15 15:12:00,0.45779988138488453,0.3481481481481481,1,0,0.0,0.07574836958723208
1998-10-15 15:14:00,0.8352715104755231,0.5,1,0,0.0,0.07461793224532132
1998-10-15 15:20:00,0.4805789990137664,0.3486486486486486,1,0,0.0,0.07461793224532132
1998-10-15 15:22:00,0.445132509174194,0.32575757575757575,1,0,0.0,0.10604771742212504
1998-10-16 09:33:00,0.4622180826569452,0.3481481481481481,1,0,0.0,0.07249409120849304
1998-10-16 09:44:00,0.39248388239000287,0.32575757575757575,1,0,0.0,0.05717450253981582
1998-10-16 09:45:00,0.40621486009842833,0.32575757575757575,1,0,0.0,0.042286402831644976
1998-10-16 09:58:00,0.4926462494010432,0.3486486486486486,1,0,0.0,0.041699157105194784
1998-10-16 10:03:00,0.4902883661243832,0.3486486486486486,1,0,0.0,0.027430873466398165
1998-10-16 10:05:00,0.4057433556099463,0.32575757575757575,1,0,0.0,0.041699157105194784
1998-10-16 10:20:00,0.4965470318118349,0.3486486486486486,1,0,0.0,0.042286402831644976
1998-10-16 10:23:00,0.5115751664352738,0.3486486486486486,1,0,0.0,0.02781181538004529
1998-10-16 10:26:00,0.5414452038965921,0.3486486486486486,0,0,0.0,-0.013697125068668825
1998-10-16 10:30:00,0.5554070389386224,0.3486486486486486,0,0,0.0,-0.04109137520600625
1998-10-16 10:32:00,0.5262282038602076,0.3486486486486486,0,0,0.0,-0.027774683450298876
1998-10-16 10:57:00,0.5142302159440844,0.3486486486486486,0,0,0.0,-0.08110549132947975
1998-10-16 11:04:00,0.5303462328109981,0.3486486486486486,0,0,0.0,-0.12001853568118626
1998-10-16 11:08:00,0.5061351222213955,0.3486486486486486,0,0,0.0,-0.1466814001568404
1998-10-16 11:10:00,0.48758908742234486,0.3486486486486486,0,0,0.0,-0.13334996791901343
1998-10-16 11:13:00,0.49533360721813613,0.3486486486486486,0,0,0.0,-0.13515173410404624
1998-10-16 11:16:00,0.5245569965388782,0.3486486486486486,0,0,0.0,-0.12164017341040467
1998-10-16 11:19:00,0.5042184639400846,0.3486486486486486,0,0,0.0,-0.12164017341040467
1998-10-16 11:20:00,0.4809691544024615,0.3486486486486486,0,0,0.0,-0.10812861271676288
1998-10-16 11:23:00,0.5479796411593169,0.3486486486486486,0,0,0.0,-0.11109873380119561
1998-10-16 11:30:00,0.5512137338789179,0.3486486486486486,0,0,0.0,-0.05713630981934836
1998-10-16 11:39:00,0.5397205796322818,0.3486486486486486,0,0,0.0,-0.05713630981934836
1998-10-16 11:42:00,0.5172906394978112,0.3486486486486486,0,0,0.0,-0.07142038727418565
1998-10-16 11:43:00,0.5573824929339576,0.3486486486486486,0,0,0.0,-0.0434732070208067
1998-10-16 11:55:00,0.6060448083898191,0.3486486486486486,0,0,0.0,-0.04411244348338905
1998-10-16 12:02:00,0.5115352056808633,0.3486486486486486,0,0,0.0,-0.029408295655592553
1998-10-16 12:06:00,0.5668846590462806,0.3486486486486486,0,0,0.0,-0.02984717289812866
1998-10-16 12:10:00,0.6052907038540299,0.3486486486486486,0,0,0.0,0.0
1998-10-16 12:11:00,0.5191725281474742,0.3486486486486486,0,0,0.0,-0.015149673917446593
1998-10-16 12:12:00,0.5258134087419777,0.3486486486486486,0,0,0.0,0.0
1998-10-16 12:13:00,0.5562302655184715,0.3486486486486486,0,0,0.0,-0.015382717064944651
1998-10-16 12:15:00,0.5208303595290615,0.3486486486486486,1,0,0.0,0.015623041898157775
1998-10-16 12:20:00,0.5041513558978657,0.3486486486486486,0,0,0.0,-0.030765434129889302
1998-10-16 12:22:00,0.4677784509289089,0.3481481481481481,0,0,0.0,-0.06059869566978571
1998-10-16 12:33:00,0.5431280089293034,0.3486486486486486,0,0,0.0,-0.03124608379631555
1998-10-16 12:34:00,0.45648244749538186,0.3481481481481481,0,0,0.0,-0.06059869566978571
1998-10-16 12:48:00,0.45633412710451066,0.3356985518433968,0,0,0.0,-0.04614815119483384
1998-10-16 12:50:00,0.4826003964886799,0.3486486486486486,0,0,0.0,-0.06059869566978571
1998-10-16 12:54:00,0.42167067983065454,0.32575757575757575,0,0,0.0,-0.10446510514344998
1998-10-16 12:57:00,0.46180323100895904,0.3481481481481481,0,0,0.0,-0.07691358532472337
1998-10-16 13:01:00,0.4576761827777297,0.3481481481481481,0,0,0.0,-0.08954151869438576
1998-10-16 13:06:00,0.4685924681099725,0.3481481481481481,0,0,0.0,-0.06059869566978571
1998-10-16 13:08:00,0.45581991152630275,0.32575757575757575,0,0,0.0,-0.061530868259778715
1998-10-16 13:11:00,0.4548052950536602,0.32575757575757575,0,0,0.0,-0.09089804350467867
1998-10-16 13:33:00,0.5276201538121151,0.3486486486486486,0,0,0.0,-0.061530868259778715
1998-10-16 13:49:00,0.45756966337839233,0.3481481481481481,0,0,0.0,-0.04614815119483384
1998-10-16 13:50:00,0.5347322072787526,0.3486486486486486,0,0,0.0,0.0
1998-10-16 13:58:00,0.5208827172373821,0.3486486486486486,1,0,0.0,0.01612694579793872
1998-10-16 13:59:00,0.5158895443062309,0.3486486486486486,1,0,0.0,0.01612694579793872
1998-10-16 14:23:00,0.5415025387444337,0.3486486486486486,1,0,0.0,0.01612694579793872
1998-10-16 14:34:00,0.5282961892331364,0.3486486486486486,1,0,0.0,0.06665775520206751
1998-10-16 14:35:00,0.5014798792305266,0.3486486486486486,1,0,0.0,0.06665775520206751
1998-10-16 14:37:00,0.45851570312015855,0.3481481481481481,1,0,0.0,0.03225389159587766
1998-10-16 14:38:00,0.4943106342632761,0.3486486486486486,1,0,0.0,0.04917386159442527
1998-10-16 14:45:00,0.508153384702677,0.3486486486486486,1,0,0.0,0.08332219400258434
1998-10-16 14:46:00,0.6054490277905447,0.3486486486486486,1,0,0.0,0.06665775520206751
1998-10-16 15:01:00,0.4472594365433891,0.32575757575757575,1,0,0.0,0.015870995119881215
1998-10-16 15:03:00,0.4281879372716795,0.32575757575757575,1,0,0.0,0.03174199023976221
1998-10-16 15:09:00,0.5018547405311895,0.3486486486486486,0,0,0.0,0.0
1998-10-16 15:11:00,0.45272005457395315,0.32575757575757575,0,0,0.0,0.0
1998-10-16 15:13:00,0.48683318305932155,0.3486486486486486,0,0,0.0,0.0
1998-10-16 15:23:00,0.4369784227403377,0.32575757575757575,1,0,0.0,0.046148151194834064
1998-10-16 15:28:00,0.40059652570808557,0.32575757575757575,1,0,0.0,0.046148151194834064
1998-10-16 15:29:00,0.4361462833550686,0.32575757575757575,1,0,0.0,0.06249216759263132
1998-10-16 15:30:00,0.4371184326489767,0.32575757575757575,1,0,0.0,0.06249216759263132
1998-10-16 15:32:00,0.537192907672164,0.3486486486486486,1,0,0.0,0.061530868259778826
1998-10-16 15:34:00,0.4519371771849116,0.32575757575757575,1,0,0.0,0.07691358532472359
1998-10-16 15:37:00,0.4323628638713831,0.32575757575757575,1,0,0.0,0.07811520949078932
1998-10-16 15:39:00,0.47891711221603983,0.3486486486486486,1,0,0.0,0.09522597071928707
1998-10-16 15:43:00,0.430092196483036,0.32575757575757575,1,0,0.0,0.09373825138894687
1998-10-16 15:50:00,0.4707130765071613,0.3481481481481481,1,0,0.0,0.1428389560789305
1998-10-16 15:57:00,0.49480439840124707,0.3486486486486486,1,0,0.0,0.1612694579793883
1998-10-16 15:59:00,0.4395369748033936,0.32575757575757575,1,0,0.0,0.17462338213452133
1998-10-19 09:44:00,0.4770179195663315,0.3486486486486486,1,0,0.0,0.071458579994653
1998-10-19 09:45:00,0.48926525025525297,0.3486486486486486,1,0,0.0,0.10296835069785737
1998-10-19 09:46:00,0.40117629145420536,0.32575757575757575,1,0,0.0,0.08826420287006087
1998-10-19 09:47:00,0.45477564531072234,0.32575757575757575,1,0,0.0,0.11767249852565365
1998-10-19 09:53:00,0.390442603658299,0.32575757575757575,1,0,0.0,0.07249409120849304
1998-10-19 09:54:00,0.40162421854889374,0.32575757575757575,1,0,0.0,0.05717450253981582
1998-10-19 09:57:00,0.4917987047924622,0.3486486486486486,1,0,0.0,0.042286402831644976
1998-10-19 09:58:00,0.575212950816235,0.3486486486486486,1,0,0.0,0.042286402831644976
1998-10-19 10:03:00,0.5665597967979226,0.3486486486486486,1,0,0.0,0.07249409120849304
1998-10-19 10:06:00,0.4142056874334148,0.32575757575757575,1,0,0.0,0.08698516021542879
1998-10-19 10:08:00,0.41415196842831326,0.32575757575757575,1,0,0.0,0.013696623452720935
1998-10-19 10:11:00,0.5493081290732265,0.3486486486486486,1,0,0.0,0.02781181538004529
1998-10-19 10:15:00,0.4802394649476835,0.3486486486486486,0,0,0.0,-0.013331432237827179
1998-10-19 10:17:00,0.48986358237348443,0.3486486486486486,0,0,0.0,-0.013331432237827179
1998-10-19 10:19:00,0.5706312116416962,0.3486486486486486,0,0,0.0,0.0
1998-10-19 10:20:00,0.4955158433149834,0.3486486486486486,0,0,0.0,-0.01315604333755449
1998-10-19 10:22:00,0.6440891839904606,0.5,0,0,0.0,0.0
1998-10-19 10:24:00,0.6399918962163278,0.5,1,0,0.0,0.027023121387283355
1998-10-19 10:25:00,0.6026824907303244,0.3486486486486486,1,0,0.0,0.027023121387283355
1998-10-19 10:30:00,0.6129970724890931,0.41592601731838835,1,0,0.0,0.027023121387283355
1998-10-19 10:34:00,0.5382158841761022,0.3486486486486486,1,0,0.0,0.06755780346820828
1998-10-19 10:36:00,0.6283374963525721,0.5,1,0,0.0,0.05404624277456671
1998-10-19 10:39:00,0.607182107112709,0.3486486486486486,1,0,0.0,0.05332572895130827
1998-10-19 10:42:00,0.5282430490212182,0.3486486486486486,1,0,0.0,0.06755780346820828
1998-10-19 10:44:00,0.5836260427472201,0.3486486486486486,1,0,0.0,0.06755780346820828
1998-10-19 10:46:00,0.5876846210658221,0.3486486486486486,1,0,0.0,0.09332002566478925
1998-10-19 10:47:00,0.5587859996799477,0.3486486486486486,1,0,0.0,0.12160404624277477
1998-10-19 10:48:00,0.5602849362139287,0.3486486486486486,1,0,0.0,0.12160404624277477
1998-10-19 10:55:00,0.577853391493174,0.3486486486486486,1,0,0.0,0.16213872832369947
1998-10-19 10:58:00,0.5477707995069441,0.3486486486486486,1,0,0.0,0.1841846067257633
1998-10-19 10:59:00,0.5822796984301907,0.3486486486486486,1,0,0.0,0.1841846067257633
1998-10-19 11:00:00,0.5417006513289919,0.3486486486486486,1,0,0.0,0.17102856338820893
1998-10-19 11:01:00,0.5675087612760724,0.3486486486486486,1,0,0.0,0.1841846067257633
1998-10-19 11:02:00,0.6170473609508338,0.46541102509388854,1,0,0.0,0.14471647671309973
1998-10-19 11:03:00,0.4966283364950506,0.3486486486486486,1,0,0.0,0.13156043337554535
1998-10-19 11:10:00,0.5655782728661156,0.3486486486486486,1,0,0.0,0.07691253084727157
1998-10-19 11:14:00,0.5404735653358976,0.3486486486486486,1,0,0.0,0.06328257191201359
1998-10-19 11:23:00,0.5121351774514523,0.3486486486486486,1,0,0.0,0.03796954314720824
1998-10-19 11:24:00,0.4948177204206815,0.3486486486486486,1,0,0.0,0.012193531559728799
1998-10-19 11:25:00,0.4851439758317386,0.3486486486486486,0,0,0.0,0.0
1998-10-19 11:26:00,0.494523369591374,0.3486486486486486,0,0,0.0,0.0
1998-10-19 11:27:00,0.48670933175551456,0.3486486486486486,0,0,0.0,-0.03487938323800055
1998-10-19 11:29:00,0.488377470429068,0.3486486486486486,0,0,0.0,-0.06817353262850889
1998-10-19 11:33:00,0.48957045341547567,0.3486486486486486,0,0,0.0,-0.08887832699619769
1998-10-19 11:38:00,0.49424425386486864,0.3486486486486486,0,0,0.0,-0.07864223490537703
1998-10-19 11:39:00,0.4880373667421399,0.3486486486486486,0,0,0.0,-0.09998811787072248
1998-10-19 11:47:00,0.5083159547155657,0.3486486486486486,0,0,0.0,-0.05746420011062625
1998-10-19 11:52:00,0.6205508015736048,0.5,0,0,0.0,-0.05813230539666758
1998-10-19 11:53:00,0.6056947184182259,0.3486486486486486,0,0,0.0,-0.023526451531735493
1998-10-19 11:57:00,0.6237112421472651,0.5,0,0,0.0,0.0
1998-10-19 12:05:00,0.5356805455414255,0.3486486486486486,0,0,0.0,0.0
1998-10-19 12:08:00,0.5655451338159766,0.3486486486486486,1,0,0.0,0.036580594679186174
1998-10-19 12:14:00,0.5960342935627584,0.3486486486486486,1,0,0.0,0.024093280937963035
1998-10-19 12:20:00,0.5603119022945554,0.3486486486486486,1,0,0.0,0.024093280937963035
1998-10-19 12:26:00,0.5309112832462771,0.3486486486486486,1,0,0.0,0.036580594679186174
1998-10-19 12:28:00,0.5298841232013392,0.3486486486486486,1,0,0.0,0.036580594679186174
1998-10-19 12:32:00,0.469893527308152,0.3481481481481481,1,0,0.0,0.03703214733645788
1998-10-19 12:36:00,0.5340671896943321,0.3486486486486486,1,0,0.0,0.024387063119457375
1998-10-19 12:39:00,0.4720426058058925,0.3481481481481481,1,0,0.0,0.049376196448610354
1998-10-19 12:43:00,0.5379416263590714,0.3486486486486486,1,0,0.0,0.036139921406944664
1998-10-19 12:44:00,0.4987330480746301,0.3486486486486486,1,0,0.0,0.023806492679821822
1998-10-19 12:46:00,0.5681970524848526,0.3486486486486486,1,0,0.0,0.04761298535964342
1998-10-19 12:49:00,0.5328168461999548,0.3486486486486486,1,0,0.0,0.03528967729760324
1998-10-19 13:03:00,0.573772094633248,0.3486486486486486,1,0,0.0,0.04761298535964342
1998-10-19 13:11:00,0.5478236838759978,0.3486486486486486,1,0,0.0,0.03528967729760324
1998-10-19 13:17:00,0.5566017328872608,0.3486486486486486,1,0,0.0,0.023526451531735715
1998-10-19 13:25:00,0.5747927800698256,0.3486486486486486,1,0,0.0,0.04761298535964342
1998-10-19 13:27:00,0.5645359298116199,0.3486486486486486,1,0,0.0,0.04761298535964342
1998-10-19 13:28:00,0.5579573348308736,0.3486486486486486,1,0,0.0,0.03528967729760324
1998-10-19 13:32:00,0.5688379732236806,0.3486486486486486,1,0,0.0,0.02325292215866681
1998-10-19 13:37:00,0.4906457142036855,0.3486486486486486,1,0,0.0,0.0229856800442505
1998-10-19 13:39:00,0.7721405193723268,0.5,1,0,0.0,0.011362255438085
1998-10-19 13:43:00,0.49667464115839427,0.3486486486486486,0,0,0.0,0.0
1998-10-19 13:44:00,0.5439256793505728,0.3486486486486486,0,0,0.0,0.0
1998-10-19 13:50:00,0.5658941764312589,0.3486486486486486,1,0,0.0,0.01149284002212525
1998-10-19 13:52:00,0.6079519608287745,0.3545522010603925,1,0,0.0,0.011626461079333517
1998-10-19 13:54:00,0.5416888055814528,0.3486486486486486,1,0,0.0,0.011362255438085
1998-10-19 13:56:00,0.6049121267165279,0.3486486486486486,1,0,0.0,0.011362255438085
1998-10-19 14:13:00,0.5680039514766883,0.3486486486486486,1,0,0.0,0.01149284002212525
1998-10-19 14:14:00,0.5860383868033248,0.3486486486486486,1,0,0.0,0.011362255438085
1998-10-19 14:15:00,0.5564604896313483,0.3486486486486486,1,0,0.0,0.011362255438085
1998-10-19 14:23:00,0.5801340235870286,0.3486486486486486,1,0,0.0,0.01149284002212525
1998-10-19 14:26:00,0.5831053698918213,0.3486486486486486,0,0,0.0,0.0
1998-10-19 14:33:00,0.5602240869580591,0.3486486486486486,0,0,0.0,0.0
1998-10-19 14:46:00,0.574883887662397,0.3486486486486486,0,0,0.0,0.0
1998-10-19 14:49:00,0.5958908841228812,0.3486486486486486,1,0,0.0,0.011362255438085
1998-10-19 14:51:00,0.5846461604637225,0.3486486486486486,1,0,0.0,0.01149284002212525
1998-10-19 14:52:00,0.5858483145708581,0.3486486486486486,1,0,0.0,0.011362255438085
1998-10-19 14:56:00,0.5546254035134955,0.3486486486486486,0,0,0.0,0.0
1998-10-19 15:00:00,0.5658739650035653,0.3486486486486486,0,0,0.0,-0.011234604986482544
1998-10-19 15:03:00,0.5701270453133878,0.3486486486486486,1,0,0.0,0.011362255438085
1998-10-19 15:10:00,0.5544767198211004,0.3486486486486486,0,0,0.0,0.0
1998-10-19 15:22:00,0.560016233778628,0.3486486486486486,1,0,0.0,0.011362255438085
1998-10-19 15:27:00,0.5586879841090493,0.3486486486486486,1,0,0.0,0.011234604986482433
1998-10-19 15:30:00,0.5573693650520334,0.3486486486486486,1,0,0.0,0.045449021752339336
1998-10-19 15:32:00,0.5563474472342935,0.3486486486486486,1,0,0.0,0.05620306398317809
1998-10-19 15:33:00,0.5867940152921268,0.3486486486486486,1,0,0.0,0.06820391299064288
1998-10-19 15:40:00,0.5614471411971436,0.3486486486486486,1,0,0.0,0.06743766896966052
1998-10-19 15:42:00,0.560069669076614,0.3486486486486486,1,0,0.0,0.09092842386681244
1998-10-19 15:44:00,0.5707166119154612,0.3486486486486486,1,0,0.0,0.07867227395614296
1998-10-19 15:47:00,0.5621613836710149,0.3486486486486486,1,0,0.0,0.07956616842872766
1998-10-19 15:52:00,0.6038638215787479,0.3486486486486486,1,0,0.0,0.09092842386681244
1998-10-20 09:30:00,0.5119079085128435,0.3486486486486486,1,0,0.0,0.10114148392910782
1998-10-20 09:31:00,0.47175220317172145,0.3481481481481481,1,0,0.0,0.10114148392910782
1998-10-20 09:38:00,0.4684452979002338,0.3481481481481481,1,0,0.0,0.11237608891559026
1998-10-20 09:42:00,0.4571720706881568,0.3481481481481481,1,0,0.0,0.12361069390207269
1998-10-20 09:47:00,0.5121660369406428,0.3486486486486486,1,0,0.0,0.10001782319391639
1998-10-20 09:49:00,0.4945540505172442,0.3486486486486486,1,0,0.0,0.07610717191677319
1998-10-20 09:52:00,0.4445694843740338,0.32575757575757575,1,0,0.0,0.021273570148744314
1998-10-20 09:54:00,0.44692441141058276,0.32575757575757575,1,0,0.0,0.010636785074372268
1998-10-20 09:55:00,0.43245868653251107,0.32575757575757575,1,0,0.0,0.010524834670043504
1998-10-20 10:00:00,0.4438940873574288,0.32575757575757575,0,0,0.0,0.0
1998-10-20 10:01:00,0.41978792191815223,0.32575757575757575,0,0,0.0,0.0
1998-10-20 10:08:00,0.4383434002705284,0.32575757575757575,1,0,0.0,0.02104966934008723
1998-10-20 10:09:00,0.4919960331533033,0.3486486486486486,1,0,0.0,0.02104966934008723
1998-10-20 10:12:00,0.4889099812372151,0.3486486486486486,1,0,0.0,0.020830432482107586
1998-10-20 10:13:00,0.48574143186068924,0.3486486486486486,1,0,0.0,0.020830432482107586
1998-10-20 10:14:00,0.5000852407189296,0.3486486486486486,1,0,0.0,0.010415216241053793
1998-10-20 10:15:00,0.4647527401156992,0.3481481481481481,0,0,0.0,0.0
1998-10-20 10:19:00,0.45836809200395234,0.3481481481481481,0,0,0.0,-0.020199292484675002
1998-10-20 10:20:00,0.5030401134784468,0.3486486486486486,0,0,0.0,-0.020199292484675002
1998-10-20 10:22:00,0.49520519229830573,0.3486486486486486,0,0,0.0,-0.020199292484675002
1998-10-20 10:23:00,0.5263633275036941,0.3486486486486486,0,0,0.0,-0.029995989840930326
1998-10-20 10:32:00,0.5291859496134858,0.3486486486486486,0,0,0.0,0.0
1998-10-20 10:36:00,0.4375772883850346,0.32575757575757575,0,0,0.0,0.0
1998-10-20 10:40:00,0.4444452927086865,0.32575757575757575,1,0,0.0,0.010415216241053793
1998-10-20 10:43:00,0.4501521980930953,0.32575757575757575,1,0,0.0,0.02104966934008723
1998-10-20 10:45:00,0.4221254218953806,0.32575757575757575,0,0,0.0,0.0
1998-10-20 10:48:00,0.4913870362799677,0.3486486486486486,1,0,0.0,0.010415216241053793
1998-10-20 10:52:00,0.5165002637369429,0.3486486486486486,0,0,0.0,-0.010307857674392906
1998-10-20 10:55:00,0.5381417623389821,0.3486486486486486,0,0,0.0,-0.02040537960007649
1998-10-20 11:01:00,0.5307816482353714,0.3486486486486486,0,0,0.0,0.0
1998-10-20 11:02:00,0.5317991254486544,0.3486486486486486,0,0,0.0,-0.02040537960007649
1998-10-20 11:03:00,0.5472708857074914,0.3486486486486486,0,0,0.0,-0.010307857674392906
1998-10-20 11:15:00,0.5016553402918419,0.3486486486486486,0,0,0.0,0.0
1998-10-20 11:21:00,0.4387202032905892,0.32575757575757575,0,0,0.0,0.0
1998-10-20 11:26:00,0.4631332381945603,0.3481481481481481,0,0,0.0,-0.020615715348785812
1998-10-20 11:30:00,0.4297419529188604,0.32575757575757575,0,0,0.0,-0.010415216241053793
1998-10-20 11:33:00,0.4724576522444275,0.3486486486486486,0,0,0.0,-0.020615715348785812
1998-10-20 11:36:00,0.43036955859912096,0.32575757575757575,0,0,0.0,0.0
1998-10-20 11:37:00,0.4533113438459204,0.32575757575757575,0,0,0.0,-0.020615715348785812
1998-10-20 11:39:00,0.4053570272592903,0.32575757575757575,0,0,0.0,0.0
1998-10-20 11:42:00,0.47348693906259737,0.3486486486486486,0,0,0.0,-0.010307857674392906
1998-10-20 11:43:00,0.47639072447968844,0.3486486486486486,0,0,0.0,-0.020615715348785812
1998-10-20 11:45:00,0.4449529310984447,0.32575757575757575,0,0,0.0,0.0
1998-10-20 11:49:00,0.5239006055343808,0.3486486486486486,0,0,0.0,-0.010307857674392906
1998-10-20 11:50:00,0.43756163696153766,0.32575757575757575,0,0,0.0,-0.010415216241053793
1998-10-20 11:51:00,0.4370975819436889,0.32575757575757575,0,0,0.0,0.0
1998-10-20 11:54:00,0.5055729693357319,0.3486486486486486,0,0,0.0,-0.03092357302317894
1998-10-20 11:59:00,0.4350137401768008,0.32575757575757575,0,0,0.0,0.0
1998-10-20 12:00:00,0.44535787938648136,0.32575757575757575,0,0,0.0,0.0
1998-10-20 12:02:00,0.4372360593054512,0.32575757575757575,0,0,0.0,-0.010415216241053793
1998-10-20 12:05:00,0.44565914996344164,0.32575757575757575,0,0,0.0,-0.010415216241053793
1998-10-20 12:18:00,0.44393633120580855,0.32575757575757575,0,0,0.0,0.0
1998-10-20 12:22:00,0.4730057930039273,0.3486486486486486,0,0,0.0,0.0
1998-10-20 12:24:00,0.4285232402605435,0.32575757575757575,1,0,0.0,0.010524834670043504
1998-10-20 12:28:00,0.51374556484065,0.3486486486486486,0,0,0.0,-0.020830432482107586
1998-10-20 12:31:00,0.486052305824246,0.3486486486486486,0,0,0.0,-0.020830432482107586
1998-10-20 12:33:00,0.4107385946521198,0.32575757575757575,0,0,0.0,-0.021077810609258507
1998-10-20 12:49:00,0.5579953257949494,0.3486486486486486,0,0,0.0,-0.031273496894928754
1998-10-20 13:00:00,0.5222769953519918,0.3486486486486486,0,0,0.0,-0.031273496894928754
1998-10-20 13:07:00,0.4148695945228182,0.32575757575757575,0,0,0.0,-0.042127479949345736
1998-10-20 13:12:00,0.4592128125608191,0.3481481481481481,0,0,0.0,-0.05210392937703645
1998-10-20 13:16:00,0.45484316560701604,0.32575757575757575,0,0,0.0,-0.021302010750547495
1998-10-20 13:20:00,0.5613587226974129,0.3486486486486486,0,0,0.0,-0.06187470716313426
1998-10-20 13:25:00,0.5515021104296625,0.3486486486486486,0,0,0.0,-0.04168871313598266
1998-10-20 13:43:00,0.45926257597313336,0.3481481481481481,0,0,0.0,-0.042127479949345736
1998-10-20 14:09:00,0.4853704214713127,0.3486486486486486,0,0,0.0,-0.042127479949345736
1998-10-20 14:44:00,0.5245108623845662,0.3486486486486486,0,0,0.0,-0.06251914561809013
1998-10-20 14:45:00,0.5061411510533114,0.3486486486486486,0,0,0.0,-0.06251914561809013
1998-10-20 14:53:00,0.4660622281661636,0.3481481481481481,0,0,0.0,-0.05265231461938935
1998-10-20 14:54:00,0.45518465534943325,0.32575757575757575,0,0,0.0,-0.03193879582491965
1998-10-20 14:56:00,0.5070504737429726,0.3486486486486486,0,0,0.0,-0.021302010750547495
1998-10-20 15:05:00,0.46325485592444543,0.3481481481481481,0,0,0.0,-0.021502903466912082
1998-10-20 15:14:00,0.514880952732723,0.3486486486486486,0,0,0.0,0.0
1998-10-20 15:15:00,0.49688327300465746,0.3486486486486486,0,0,0.0,0.0
1998-10-20 15:18:00,0.4638124918442848,0.3481481481481481,0,0,0.0,-0.010868301755201593
1998-10-20 15:29:00,0.48668512855086166,0.3486486486486486,0,0,0.0,0.0
1998-10-20 15:32:00,0.46713070120488837,0.3481481481481481,0,0,0.0,-0.021736603510403296
1998-10-20 15:40:00,0.4761206882826358,0.3486486486486486,0,0,0.0,-0.010987719607497448
1998-10-21 09:32:00,0.47924987856159096,0.3486486486486486,1,0,0.0,0.011109790874524572
1998-10-21 09:40:00,0.4622792176556468,0.3481481481481481,0,0,0.0,0.0
1998-10-21 09:43:00,0.5477385927235242,0.3486486486486486,0,0,0.0,-0.010868301755201593
1998-10-21 09:44:00,0.4443598693100857,0.32575757575757575,0,0,0.0,0.0
1998-10-21 09:49:00,0.4493471799590579,0.32575757575757575,1,0,0.0,0.022219581749049366
1998-10-21 09:53:00,0.46351983045161393,0.3481481481481481,1,0,0.0,0.010987719607497448
1998-10-21 10:31:00,0.44173870332984266,0.32575757575757575,0,0,0.0,0.0
1998-10-21 10:36:00,0.4444499422422667,0.32575757575757575,0,0,0.0,0.0
1998-10-21 10:38:00,0.441902753269582,0.32575757575757575,0,0,0.0,0.0
1998-10-21 10:41:00,0.4515812675530142,0.32575757575757575,1,0,0.0,0.022219581749049366
1998-10-21 10:42:00,0.49903380819746934,0.3486486486486486,0,0,0.0,0.0
1998-10-21 11:08:00,0.46252479936849944,0.3481481481481481,0,0,0.0,0.0
1998-10-21 11:15:00,0.43880578828594136,0.32575757575757575,1,0,0.0,0.011109790874524572
1998-10-21 11:24:00,0.4673889760502346,0.3481481481481481,0,0,0.0,0.0
1998-10-21 11:25:00,0.4648660417762338,0.3481481481481481,0,0,0.0,0.0
1998-10-21 11:29:00,0.5105619814268574,0.3486486486486486,0,0,0.0,-0.010868301755201593
1998-10-21 11:35:00,0.47818425818522053,0.3486486486486486,0,0,0.0,-0.010987719607497448
1998-10-21 11:43:00,0.5478042936027584,0.3486486486486486,0,0,0.0,-0.010868301755201593
1998-10-21 11:46:00,0.45454100015140575,0.32575757575757575,0,0,0.0,-0.010987719607497448
1998-10-21 11:54:00,0.4540100494082229,0.32575757575757575,0,0,0.0,-0.021975439214994896
1998-10-21 11:56:00,0.5156032656478492,0.3486486486486486,0,0,0.0,-0.011109790874524683
1998-10-21 12:02:00,0.4814023841653531,0.3486486486486486,0,0,0.0,-0.021975439214994896
1998-10-21 12:08:00,0.4451723583190934,0.32575757575757575,0,0,0.0,-0.011109790874524683
1998-10-21 12:09:00,0.5621059959024086,0.3486486486486486,0,0,0.0,-0.021736603510403296
1998-10-21 12:20:00,0.5134122919421091,0.3486486486486486,0,0,0.0,-0.021975439214994896
1998-10-21 12:24:00,0.48730649834883655,0.3486486486486486,0,0,0.0,-0.021975439214994896
1998-10-21 13:54:00,0.49263342106420066,0.3486486486486486,0,0,0.0,-0.032963158822492566
1998-10-21 13:56:00,0.447194229271817,0.32575757575757575,0,0,0.0,-0.032963158822492566
1998-10-21 14:29:00,0.4693732289623869,0.3481481481481481,0,0,0.0,-0.05493859803748746
1998-10-21 14:39:00,0.449899668092976,0.32575757575757575,0,0,0.0,-0.044439163498098844
1998-10-21 14:45:00,0.43945124944898284,0.32575757575757575,0,0,0.0,-0.05554895437262364
1998-10-21 14:50:00,0.4716957539483131,0.3481481481481481,0,0,0.0,-0.04493841994592984
1998-10-21 14:54:00,0.46765399868036783,0.3481481481481481,0,0,0.0,-0.0337038149594473
1998-10-21 14:58:00,0.4138695837962506,0.32575757575757575,0,0,0.0,-0.05554895437262364
1998-10-21 15:08:00,0.4963564430386333,0.3486486486486486,0,0,0.0,-0.0337038149594473
1998-10-21 15:11:00,0.4901077816984169,0.3486486486486486,0,0,0.0,-0.022469209972964865
1998-10-21 15:17:00,0.42929095524553523,0.32575757575757575,0,0,0.0,-0.044439163498098844
1998-10-21 15:20:00,0.435461001921072,0.32575757575757575,0,0,0.0,-0.022469209972964865
1998-10-21 15:49:00,0.45302116727482683,0.32575757575757575,0,0,0.0,-0.022724510876169557
1998-10-21 15:50:00,0.47434188035369945,0.3486486486486486,0,0,0.0,-0.022724510876169557
1998-10-21 15:52:00,0.46867727515766505,0.3481481481481481,0,0,0.0,-0.022724510876169557
1998-10-21 15:55:00,0.48647344811729004,0.3486486486486486,0,0,0.0,0.0
1998-10-21 15:56:00,0.49837390719323665,0.3486486486486486,0,0,0.0,0.0
1998-10-21 15:58:00,0.4971134251624969,0.3486486486486486,1,0,0.0,0.02325292215866681
1998-10-22 09:32:00,0.48863153264170445,0.3486486486486486,1,0,0.0,0.04705290306347121
1998-10-22 09:48:00,0.4729828411990229,0.3486486486486486,1,0,0.0,0.046505844317334066
1998-10-22 09:54:00,0.47111521671010176,0.3481481481481481,1,0,0.0,0.04705290306347121
1998-10-22 09:57:00,0.4598390578074863,0.3481481481481481,1,0,0.0,0.03487938323800055
1998-10-22 09:58:00,0.4399466115983831,0.32575757575757575,1,0,0.0,0.04705290306347121
1998-10-22 10:12:00,0.5347647840380263,0.3486486486486486,1,0,0.0,0.045971360088501
1998-10-22 10:16:00,0.44641281757534035,0.32575757575757575,1,0,0.0,0.046505844317334066
1998-10-22 10:17:00,0.5148139725134162,0.3486486486486486,1,0,0.0,0.03447852006637575
1998-10-22 10:18:00,0.5872503698738112,0.3486486486486486,1,0,0.0,0.0229856800442505
1998-10-22 10:20:00,0.46391154783635224,0.3481481481481481,1,0,0.0,0.046505844317334066
1998-10-22 10:42:00,0.521319411302856,0.3486486486486486,1,0,0.0,0.05746420011062625
1998-10-22 10:52:00,0.5038198460766699,0.3486486486486486,1,0,0.0,0.06975876647600088
1998-10-22 10:58:00,0.49548040593587617,0.3486486486486486,1,0,0.0,0.05746420011062625
1998-10-22 11:05:00,0.549102650037743,0.3486486486486486,1,0,0.0,0.045449021752339336
1998-10-22 11:19:00,0.5692841186313905,0.3486486486486486,1,0,0.0,0.04493841994592973
1998-10-22 11:27:00,0.5207595773973677,0.3486486486486486,1,0,0.0,0.04446886882129264
1998-10-22 11:50:00,0.5804060959960482,0.3486486486486486,1,0,0.0,0.07867227395614296
1998-10-22 12:19:00,0.5911191374064241,0.3486486486486486,1,0,0.0,0.05620306398317809
1998-10-22 12:20:00,0.5346653800334004,0.3486486486486486,1,0,0.0,0.07867227395614296
1998-10-22 12:22:00,0.5214922383509434,0.3486486486486486,1,0,0.0,0.032992537751924234
1998-10-22 12:24:00,0.5792177943571118,0.3486486486486486,1,0,0.0,0.055578659695817434
1998-10-22 13:15:00,0.5807801639478176,0.3486486486486486,1,0,0.0,0.06743766896966052
1998-10-22 13:39:00,0.4706783918622992,0.3481481481481481,1,0,0.0,0.05620306398317809
1998-10-22 14:01:00,0.5926075629044333,0.3486486486486486,1,0,0.0,0.03332937262357416
1998-10-22 14:15:00,0.5868162220360718,0.3486486486486486,1,0,0.0,0.05496797696691935
1998-10-22 14:22:00,0.5240935170747093,0.3486486486486486,1,0,0.0,0.05437056840636978
1998-10-22 14:24:00,0.593839225641317,0.3486486486486486,1,0,0.0,0.04350226665116819
1998-10-22 14:28:00,0.5239383669291633,0.3486486486486486,1,0,0.0,0.05496797696691935
1998-10-22 14:35:00,0.5644028012878596,0.3486486486486486,1,0,0.0,0.032283102397516306
1998-10-22 14:39:00,0.4880758168276683,0.3486486486486486,1,0,0.0,0.021273570148744314
1998-10-22 14:43:00,0.5968672269674965,0.3486486486486486,1,0,0.0,0.010636785074372268
1998-10-22 14:46:00,0.5369440511823863,0.3486486486486486,0,0,0.0,-0.010415216241053793
1998-10-22 14:51:00,0.5620216784759545,0.3486486486486486,0,0,0.0,0.0
1998-10-22 14:52:00,0.5284817864949216,0.3486486486486486,1,0,0.0,0.010636785074372268
1998-10-22 14:58:00,0.5711721591944708,0.3486486486486486,0,0,0.0,-0.010524834670043726
1998-10-22 15:03:00,0.4746050107681587,0.3486486486486486,1,0,0.0,0.021531650664060153
1998-10-22 15:11:00,0.6384479348416263,0.5,0,0,0.0,-0.010415216241053793
1998-10-22 15:12:00,0.5661356749840579,0.3486486486486486,0,0,0.0,-0.010415216241053793
1998-10-22 15:17:00,0.5330640145177378,0.3486486486486486,0,0,0.0,-0.04125899181434822
1998-10-22 15:21:00,0.5778151699534394,0.3486486486486486,0,0,0.0,-0.020830432482107586
1998-10-22 15:58:00,0.5221883978627191,0.3486486486486486,0,0,0.0,0.0
1998-10-22 15:59:00,0.5555472999395838,0.3486486486486486,0,0,0.0,0.0
1998-10-23 09:32:00,0.4333891581517697,0.32575757575757575,0,0,0.0,0.0
1998-10-23 09:34:00,0.45008286846164697,0.32575757575757575,0,0,0.0,0.0
1998-10-23 09:40:00,0.4586946589191964,0.3481481481481481,0,0,0.0,0.0
1998-10-23 10:05:00,0.4298482047288083,0.32575757575757575,0,0,0.0,0.0
1998-10-23 10:11:00,0.4611625464711324,0.3481481481481481,0,0,0.0,0.0
1998-10-23 10:21:00,0.4280328222348256,0.32575757575757575,0,0,0.0,0.0
1998-10-23 10:49:00,0.46149174642031604,0.3481481481481481,0,0,0.0,0.0
1998-10-23 11:00:00,0.4517456839698189,0.32575757575757575,0,0,0.0,0.0
