timestamp,equity,realised_pnl,unrealised_pnl,qty_next_bar,mu,sigma_sq,var_down,residual,position_size,open,close,cluster_id,notional_abs
1998-08-26 12:14:00,100000.0,0.0,0.0,0,-0.021829700476101152,3.5856186514138244e-05,5.206870014262677e-06,0.7153062050337957,0.0,4.5695,4.5695,10,0.0
1998-08-26 13:04:00,100000.0,0.0,0.0,0,-0.021732847526246133,4.268732664058916e-05,1.393478169120499e-05,0.6836145339342231,0.0,4.5326,4.5326,24,0.0
1998-08-26 14:03:00,100000.0,0.0,0.0,0,-0.02180362911148268,4.150378663325682e-05,1.1379033821867779e-05,0.4671668083360006,0.0,4.4589,4.4589,24,0.0
1998-08-26 14:18:00,100000.0,0.0,0.0,0,-0.022064712830424923,3.80176461476367e-05,5.764397656093934e-06,0.42532810566741114,0.0,4.4958,4.4958,24,0.0
1998-08-26 15:39:00,100000.0,0.0,0.0,0,-0.02219417059804118,3.8499609217979014e-05,5.419748049462214e-06,0.41777801125344227,0.0,4.5326,4.5695,24,0.0
1998-08-27 11:59:00,100000.0,0.0,0.0,0,-0.022451688012907197,5.809879439766519e-05,1.3476745607476914e-05,0.6283442262842835,0.0,4.2747,4.3484,2,0.0
1998-08-27 12:00:00,100000.0,0.0,0.0,0,-0.022163997251291676,4.1539260564604774e-05,1.3035664778726641e-05,0.7006135907870716,0.0,4.2747,4.2747,56,0.0
1998-08-27 13:46:00,100000.0,0.0,0.0,0,-0.02187394341434856,4.0822422306519e-05,1.2873167179350276e-05,0.6326946514994747,0.0,4.3484,4.3115,56,0.0
1998-08-27 14:16:00,100000.0,0.0,0.0,0,-0.022843463677955242,4.176091169938445e-05,1.0850634680537041e-05,0.7746679293140465,0.0,4.1273,4.1273,63,0.0
1998-08-27 14:34:00,100000.0,0.0,0.0,0,-0.021830332112395354,4.071602234034799e-05,1.27442394841637e-05,0.6328720265841017,0.0,4.1273,4.1273,63,0.0
1998-08-28 09:58:00,100000.0,0.0,0.0,0,-0.021949033594674348,4.170779720880091e-05,1.3415806051852996e-05,0.6313944052096825,0.0,4.1641,4.201,56,0.0
1998-08-28 12:16:00,100000.0,0.0,0.0,0,-0.02186551437825119,4.077714584127534e-05,1.277306705560477e-05,0.6198046297705444,0.0,4.201,4.201,56,0.0
1998-08-28 12:55:00,100000.0,0.0,0.0,0,-0.022535499511096076,5.693672028428409e-05,1.3646133538713912e-05,0.6485247263721825,0.0,4.201,4.201,2,0.0
1998-08-28 12:56:00,100000.0,0.0,0.0,0,-0.02313197743041246,4.7223345973179676e-05,1.005310878099408e-05,0.29860329784472744,0.0,4.2747,4.2747,11,0.0
1998-08-28 14:18:00,100000.0,0.0,0.0,0,-0.0229646544450502,3.9591544918948784e-05,9.11256165636587e-06,0.7432996131060363,0.0,4.1641,4.1641,2,0.0
1998-08-31 10:20:00,100000.0,0.0,0.0,0,-0.0223994996218521,6.0354641391313635e-05,2.219868838437833e-05,0.6090287039390074,0.0,4.1641,4.1641,56,0.0
1998-08-31 11:09:00,100000.0,0.0,0.0,0,-0.022498064064521258,5.763337503594812e-05,1.3232537639851216e-05,0.6238711193865696,0.0,4.1641,4.1641,11,0.0
1998-08-31 13:41:00,100000.0,0.0,0.0,0,-0.02201146951828423,3.932844992959872e-05,1.2095872079953551e-05,0.4480513414998518,0.0,4.1273,4.1273,56,0.0
1998-08-31 13:49:00,100000.0,0.0,0.0,0,-0.023315532553343017,3.816703610937111e-05,7.68487916502636e-06,0.3228527938164526,0.0,4.1641,4.1641,11,0.0
1998-08-31 13:52:00,100000.0,0.0,0.0,0,-0.022697686882557265,4.0948702007881366e-05,1.1797621027653804e-05,0.5077341174970296,0.0,4.1641,4.1641,57,0.0
1998-08-31 14:04:00,100000.0,0.0,0.0,0,-0.022621156870255163,3.887692582793534e-05,5.976591182843549e-06,0.4460909471885033,0.0,4.201,4.201,32,0.0
1998-08-31 14:17:00,100000.0,0.0,0.0,0,-0.023169563732326877,4.089366120751947e-05,8.542063824279467e-06,0.4557530753766975,0.0,4.201,4.201,57,0.0
1998-09-01 10:14:00,100000.0,0.0,0.0,0,-0.020723927049939903,5.524904190679081e-05,1.704974602034781e-05,0.9573353548827405,0.0,3.7956,3.8325,63,0.0
1998-09-01 10:26:00,100000.0,0.0,0.0,0,-0.02057854072753844,5.407806020230055e-05,1.9581255401135422e-05,0.9535692735742535,0.0,3.7956,3.7956,63,0.0
1998-09-01 10:41:00,100000.0,0.0,0.0,0,-0.02048769847587255,5.2072809921810403e-05,1.6888880054466426e-05,0.9004947738715572,0.0,3.7588,3.7956,63,0.0
1998-09-01 10:48:00,100000.0,0.0,0.0,0,-0.02104810262661931,5.2887080528307706e-05,1.8181332052336074e-05,1.161846706545786,0.0,3.7956,3.7956,48,0.0
1998-09-01 10:55:00,100000.0,0.0,0.0,0,-0.021377025452366524,4.4389091272023506e-05,1.1101225254606106e-05,0.643472692764377,0.0,3.8325,3.8325,48,0.0
1998-09-01 12:32:00,100000.0,0.0,0.0,0,-0.02175740748624821,4.065612483827863e-05,7.051940201563411e-06,0.646507620228959,0.0,3.8325,3.8325,24,0.0
1998-09-01 13:00:00,100000.0,0.0,0.0,0,-0.02086357363131401,4.487439218792133e-05,1.7545726223033853e-05,0.9508137056063954,0.0,3.7588,3.7588,46,0.0
1998-09-01 14:49:00,100000.0,0.0,0.0,0,-0.02105526158683506,5.270381734590046e-05,1.798201810743194e-05,1.173323749837698,0.0,3.7219,3.6851,63,0.0
1998-09-01 15:36:00,100000.0,0.0,0.0,0,-0.020745918719140263,5.522178253158927e-05,1.6752874216763303e-05,0.9832910575506466,0.0,3.6851,3.6851,63,0.0
1998-09-02 09:33:00,100000.0,0.0,0.0,0,-0.02048687972691414,5.2171129937050864e-05,1.676395913818851e-05,0.8712024073207277,0.0,3.7588,3.7588,46,0.0
1998-09-02 12:07:00,100000.0,0.0,0.0,0,-0.02062064943001178,5.3811811085324734e-05,1.847415478550829e-05,0.8662543594695689,0.0,3.6851,3.6851,56,0.0
1998-09-02 13:24:00,100000.0,0.0,0.0,0,-0.02064621376902369,5.471693293657154e-05,1.891944521048572e-05,0.8615170812231296,0.0,3.6851,3.6851,56,0.0
1998-09-02 14:15:00,100000.0,0.0,0.0,0,-0.02153899857784427,3.8604619476245716e-05,7.086244295351207e-06,0.22854378296245362,0.0,3.7219,3.7219,45,0.0
1998-09-02 14:32:00,100000.0,0.0,0.0,0,-0.02131172355128956,4.3839016143465415e-05,1.717102713882923e-05,0.9467676113539274,0.0,3.6851,3.6482,9,0.0
1998-09-03 09:32:00,100000.0,0.0,0.0,0,-0.020556215412025722,4.9682461394695565e-05,1.5881316357990727e-05,0.8591610412322884,0.0,3.6482,3.6482,46,0.0
1998-09-03 09:41:00,100000.0,0.0,0.0,0,-0.020565574505408676,5.344106466509402e-05,1.612786581972614e-05,1.1631876509497692,0.0,3.5377,3.5377,16,0.0
1998-09-03 09:50:00,100000.0,0.0,0.0,0,-0.020542307622773023,5.32210870005656e-05,1.552618959976826e-05,0.9186513525843001,0.0,3.5377,3.5377,31,0.0
1998-09-03 10:11:00,100000.0,0.0,0.0,0,-0.02230100633586562,4.8340340072172694e-05,1.3586883142124861e-05,0.7344596735564068,0.0,3.6114,3.6114,27,0.0
1998-09-03 12:14:00,100000.0,0.0,0.0,0,-0.0212803138825534,4.529936995822936e-05,7.95773394202115e-06,0.9215382448613282,0.0,3.6114,3.6114,12,0.0
1998-09-03 12:46:00,100000.0,0.0,0.0,0,-0.022547672421015248,4.192523192614317e-05,9.402474006492412e-06,0.6221105077707483,0.0,3.6482,3.6482,12,0.0
1998-09-03 13:15:00,100000.0,0.0,0.0,0,-0.022283452238289557,4.182300290267449e-05,7.174814300014987e-06,0.6142172964571796,0.0,3.6482,3.6482,12,0.0
1998-09-03 14:56:00,100000.0,0.0,0.0,0,-0.02146559439624116,3.4283744753338397e-05,5.953280833637109e-06,0.6190679566929002,0.0,3.6114,3.6114,24,0.0
1998-09-03 15:28:00,100000.0,0.0,0.0,0,-0.021675529451559213,4.1010680433828384e-05,1.098267784982454e-05,0.6295176473304321,0.0,3.5745,3.5745,24,0.0
1998-09-04 09:45:00,100000.0,0.0,0.0,0,-0.021281075005927505,4.225068187224679e-05,1.1104942132078577e-05,1.002275850207306,0.0,3.5377,3.5377,10,0.0
1998-09-04 10:38:00,100000.0,0.0,0.0,0,-0.0204616522938436,5.2274590416345745e-05,1.8374093997408636e-05,0.8704498150394064,0.0,3.5008,3.5008,46,0.0
1998-09-04 10:57:00,100000.0,0.0,0.0,0,-0.020317262719427617,4.948963760398328e-05,1.6565871192142367e-05,0.8751255086452127,0.0,3.464,3.464,24,0.0
1998-09-04 12:48:00,100000.0,0.0,0.0,0,-0.022176404487791387,3.8569038224522956e-05,5.384099267757847e-06,0.42385192118560777,0.0,3.5377,3.5377,24,0.0
1998-09-04 13:01:00,100000.0,0.0,0.0,0,-0.02233038637040454,3.793025462073274e-05,5.7826503052638145e-06,0.42282544182079207,0.0,3.5377,3.5377,24,0.0
1998-09-04 13:06:00,100000.0,0.0,0.0,0,-0.02187625586610966,3.91414050682215e-05,5.687188831871026e-06,0.6132871785603685,0.0,3.5377,3.5377,32,0.0
1998-09-04 15:48:00,100000.0,0.0,0.0,0,-0.0232660859399316,3.308183113404084e-05,7.010283979980159e-06,0.6714170723598971,0.0,3.6851,3.7219,35,0.0
1998-09-08 09:36:00,100000.0,0.0,0.0,0,-0.02178234808942807,3.944508353015408e-05,1.5733461623312905e-05,1.1718936340648407,0.0,3.9062,3.9062,7,0.0
1998-09-08 09:48:00,100000.0,0.0,0.0,0,-0.019479395221961113,6.743984704371542e-05,2.259156826767139e-05,2.4222184448634856,0.0,4.0904,4.0904,51,0.0
1998-09-08 09:51:00,100000.0,0.0,0.0,0,-0.019794329401147934,5.3153449698584154e-05,2.113310620188713e-05,1.6540222370076878,0.0,4.1273,4.1273,51,0.0
1998-09-08 12:33:00,100000.0,0.0,0.0,0,-0.02055521621931848,5.4452510084956884e-05,1.6066924217739142e-05,1.5626217005806005,0.0,4.1273,4.0536,7,0.0
1998-09-08 15:55:00,100000.0,0.0,0.0,0,-0.020621375628789337,4.705823812400922e-05,1.3963168385089375e-05,1.3056513539782775,0.0,4.0167,4.0536,7,0.0
1998-09-09 10:47:00,100000.0,0.0,0.0,0,-0.01976458062980828,5.322058132151142e-05,2.1113703041919507e-05,1.5298021001632314,0.0,4.201,4.201,7,0.0
1998-09-09 10:57:00,100000.0,0.0,0.0,0,-0.023210342024495276,4.4676806282950565e-05,1.3169301382731646e-05,1.269610860261153,0.0,4.201,4.201,8,0.0
1998-09-09 12:15:00,100000.0,0.0,0.0,0,-0.021798031619792255,5.271846384857781e-05,1.3995120752952062e-05,1.292053466315548,0.0,4.1641,4.1641,7,0.0
1998-09-09 13:03:00,100000.0,0.0,0.0,0,-0.02069424219061193,4.2861436668317765e-05,1.243300357600674e-05,1.3424422006243595,0.0,4.201,4.201,45,0.0
1998-09-09 13:06:00,100000.0,0.0,0.0,0,-0.022294990438777404,4.112639726372436e-05,6.768100320186932e-06,1.302345923683319,0.0,4.201,4.201,8,0.0
1998-09-10 11:06:00,100000.0,0.0,0.0,0,-0.022641407746223648,3.603160257625859e-05,5.315250973580987e-06,0.21973527721274383,0.0,4.0351,4.0351,0,0.0
1998-09-10 11:35:00,100000.0,0.0,0.0,0,-0.023070305144747637,3.7321871786843985e-05,6.898731498949928e-06,0.23530950719773183,0.0,4.0536,4.0536,0,0.0
1998-09-10 12:19:00,100000.0,0.0,0.0,0,-0.020915913727176758,3.409154305700213e-05,1.1101310519734398e-05,1.4233175456963374,0.0,4.0536,4.0536,45,0.0
1998-09-10 12:24:00,100000.0,0.0,0.0,0,-0.02177021371298042,4.6142351493472233e-05,1.8258140698890202e-05,0.9932184603703422,0.0,3.943,3.9799,56,0.0
1998-09-10 12:37:00,100000.0,0.0,0.0,0,-0.022428647961888145,3.578377436497249e-05,1.0265657692798413e-05,0.23347159367059328,0.0,3.9799,3.9799,56,0.0
1998-09-10 15:33:00,100000.0,0.0,0.0,0,-0.021097003522836985,3.128250682493672e-05,8.701392289367504e-06,1.120790114931154,0.0,3.9799,3.9799,45,0.0
1998-09-11 11:27:00,100000.0,0.0,0.0,0,-0.021407006756444844,4.162905315752141e-05,1.1826589798147324e-05,1.016013130747192,0.0,3.8527,3.8527,45,0.0
1998-09-11 14:22:00,100000.0,0.0,0.0,0,-0.022412912572136064,3.5796234442386776e-05,5.240809286988224e-06,0.22518212571302243,0.0,3.9649,3.9649,24,0.0
1998-09-14 09:34:00,100000.0,0.0,0.0,0,-0.023307120991913052,4.326201815274544e-05,1.1065177204727661e-05,0.8746446815558246,0.0,4.1893,4.1893,17,0.0
1998-09-14 09:41:00,100000.0,0.0,0.0,0,-0.022600965149277272,4.6823628508718684e-05,1.3610081623482984e-05,1.2292058962306782,0.0,4.339,4.339,49,0.0
1998-09-14 12:24:00,100000.0,0.0,0.0,0,-0.019746919261333915,7.133744657039642e-05,2.659861638676375e-05,2.2645801697964494,0.0,4.526,4.526,51,0.0
1998-09-14 14:02:00,100000.0,0.0,0.0,0,-0.021272497350392314,5.353201777325012e-05,1.1958478353335522e-05,1.6593584257833114,0.0,4.4886,4.4512,7,0.0
1998-09-14 14:11:00,100000.0,0.0,0.0,0,-0.02008272833753881,5.63392968615517e-05,1.782982326403726e-05,1.5615983707445424,0.0,4.4886,4.4886,7,0.0
1998-09-14 14:31:00,100000.0,0.0,0.0,0,-0.020098616351415785,5.6300290452782065e-05,1.7703421690384857e-05,1.5615843958644855,0.0,4.4886,4.4886,7,0.0
1998-09-14 14:35:00,100000.0,0.0,0.0,0,-0.02142116175363344,5.5485990742454305e-05,1.3962829143565614e-05,1.303571329475471,0.0,4.4512,4.4512,7,0.0
1998-09-14 14:49:00,100000.0,0.0,0.0,0,-0.02135233270800245,5.330238855094649e-05,1.2139042155467905e-05,1.5176544954093567,0.0,4.526,4.5634,7,0.0
1998-09-14 15:23:00,100000.0,0.0,0.0,0,-0.02001391663779077,5.650300590787083e-05,1.8195465600001626e-05,1.6505940867623465,0.0,4.6382,4.6382,5,0.0
1998-09-14 15:55:00,100000.0,0.0,0.0,0,-0.02009229302038011,5.626560960081406e-05,1.7424144971300848e-05,1.7267407712203984,0.0,4.6008,4.6382,7,0.0
1998-09-15 09:33:00,100000.0,0.0,0.0,0,-0.02296166847790164,3.825597377726808e-05,6.637736532866256e-06,1.1321506258614784,0.0,4.526,4.526,17,0.0
1998-09-15 10:49:00,100000.0,0.0,0.0,0,-0.023483072947229174,3.910738269041758e-05,8.609833457740024e-06,0.6518417023207846,0.0,4.526,4.526,0,0.0
1998-09-15 11:03:00,100000.0,0.0,0.0,0,-0.022579362921342636,4.2267629396519624e-05,8.61265289131552e-06,0.6605814452621094,0.0,4.5634,4.6382,0,0.0
1998-09-15 11:58:00,100000.0,0.0,0.0,0,-0.023512328608003827,4.6407403715420514e-05,1.1570155947993044e-05,0.9091777671172204,0.0,4.6756,4.6382,7,0.0
1998-09-16 11:46:00,100000.0,0.0,0.0,0,-0.02345571447348493,3.846571235044394e-05,8.134183872243739e-06,0.5311258176911761,0.0,4.5634,4.5634,0,0.0
1998-09-16 13:25:00,100000.0,0.0,0.0,0,-0.023637863101421772,3.5657116313814186e-05,7.934914265206316e-06,0.42398430067864024,0.0,4.6382,4.6382,17,0.0
1998-09-16 13:43:00,100000.0,0.0,0.0,0,-0.022985261415115473,3.613093758758623e-05,1.0744507562776562e-05,0.4659280218371072,0.0,4.713,4.713,17,0.0
1998-09-16 14:14:00,100000.0,0.0,0.0,0,-0.02393137101734328,3.695798841363285e-05,9.130831585935084e-06,0.508359705408707,0.0,4.713,4.7878,17,0.0
1998-09-17 09:36:00,100000.0,0.0,0.0,0,-0.023453937498371033,3.2993266358971596e-05,6.604384680031217e-06,0.4625564640201902,0.0,4.6382,4.6382,43,0.0
1998-09-17 10:08:00,100000.0,0.0,0.0,0,-0.02277954622385596,3.847498373943381e-05,1.2787793593815877e-05,0.46299773451874954,0.0,4.526,4.526,56,0.0
1998-09-17 10:21:00,100000.0,0.0,0.0,0,-0.023504855447200042,3.8531354221049696e-05,8.181308885468752e-06,0.31001080500723766,0.0,4.526,4.526,0,0.0
1998-09-17 11:15:00,100000.0,0.0,0.0,0,-0.023499173448172313,3.85106814064784e-05,8.121991868392797e-06,0.3073762024600055,0.0,4.526,4.5634,0,0.0
1998-09-17 11:30:00,100000.0,0.0,0.0,0,-0.02358155667733672,3.8058309655752964e-05,7.511102012358606e-06,0.32162855020628534,0.0,4.5634,4.5634,11,0.0
1998-09-17 12:51:00,100000.0,0.0,0.0,0,-0.022289064932365817,4.591367360262666e-05,1.4725382698088652e-05,0.5701021264666424,0.0,4.5634,4.5634,11,0.0
1998-09-17 14:19:00,100000.0,0.0,0.0,0,-0.02277684070121768,3.7452668038895354e-05,6.484835694209323e-06,0.4987958888542475,0.0,4.5634,4.5634,11,0.0
1998-09-17 14:23:00,100000.0,0.0,0.0,0,-0.023065371873772618,3.949642996303737e-05,7.164026101236232e-06,0.4053409138634305,0.0,4.5634,4.5634,11,0.0
1998-09-17 15:42:00,100000.0,0.0,0.0,0,-0.021960860478239284,4.146928222326096e-05,7.256704975588946e-06,0.5977692552258227,0.0,4.4886,4.4886,34,0.0
1998-09-18 09:33:00,100000.0,0.0,0.0,0,-0.023553468998389233,4.160574098932557e-05,9.021744517667685e-06,0.3092142761933722,0.0,4.6008,4.6008,42,0.0
1998-09-18 12:12:00,100000.0,0.0,0.0,0,-0.022601628085058563,4.528561112238094e-05,1.2188520486233756e-05,0.5430824570859141,0.0,4.4886,4.4886,11,0.0
1998-09-18 13:06:00,100000.0,0.0,0.0,0,-0.023184505583586087,3.521380131132901e-05,6.444444579756237e-06,0.5562234741143767,0.0,4.5634,4.5634,34,0.0
1998-09-18 13:42:00,100000.0,0.0,0.0,0,-0.02176585064134133,5.811815208289772e-05,1.567239269206766e-05,1.2122847178987453,0.0,4.7878,4.7878,7,0.0
1998-09-18 13:51:00,100000.0,0.0,0.0,0,-0.022484599420377435,5.039179450250231e-05,1.011496533465106e-05,0.9178209337007689,0.0,4.7878,4.7878,7,0.0
1998-09-18 15:26:00,100000.0,0.0,0.0,0,-0.02320875802378441,3.92401561839506e-05,8.33366061669949e-06,0.7176627548118074,0.0,4.6756,4.6382,11,0.0
1998-09-18 15:45:00,100000.0,0.0,0.0,0,-0.02336167337324741,3.98445081373211e-05,8.060066647885833e-06,0.6498939764142272,0.0,4.713,4.713,42,0.0
1998-09-21 10:21:00,100000.0,0.0,0.0,0,-0.022349523537368896,4.352228279458359e-05,1.0708630725275725e-05,0.7568815789618312,0.0,4.4886,4.4886,2,0.0
1998-09-21 11:03:00,100000.0,0.0,0.0,0,-0.02324817092866442,3.604507401178125e-05,7.31173327039869e-06,0.7013162960217498,0.0,4.5634,4.5634,11,0.0
1998-09-21 13:38:00,100000.0,0.0,0.0,0,-0.022932502190624746,3.3762356906663626e-05,7.85219617682742e-06,0.7751388500996188,0.0,4.5634,4.5634,0,0.0
1998-09-22 09:36:00,100000.0,0.0,0.0,0,-0.022705725455116864,4.11097462347243e-05,7.791177040417097e-06,0.6282403562867096,0.0,4.5634,4.5634,11,0.0
1998-09-22 11:00:00,100000.0,0.0,0.0,0,-0.02269205737083257,4.624532812158577e-05,8.659790864840033e-06,0.7188265703610403,0.0,4.6008,4.6008,42,0.0
1998-09-22 11:11:00,100000.0,0.0,0.0,0,-0.02261698273340744,4.452261055121198e-05,8.977872312243562e-06,0.7579772900731202,0.0,4.6008,4.6008,0,0.0
1998-09-22 11:33:00,100000.0,0.0,0.0,0,-0.022637420432684394,4.288768832338974e-05,9.649244930187706e-06,0.7615145495754542,0.0,4.5634,4.5634,2,0.0
1998-09-22 12:14:00,100000.0,0.0,0.0,0,-0.02292920426097271,3.342534910188988e-05,7.768013347231317e-06,0.8362616371616614,0.0,4.6008,4.6008,55,0.0
1998-09-22 13:16:00,100000.0,0.0,0.0,0,-0.023367354897882706,3.3213394999620505e-05,7.842505283406354e-06,0.7351134957626514,0.0,4.5634,4.5634,2,0.0
1998-09-22 15:06:00,100000.0,0.0,0.0,0,-0.023182089491265743,3.751663643924985e-05,8.6714187546022e-06,0.7392108715528892,0.0,4.5634,4.5634,11,0.0
1998-09-23 09:32:00,100000.0,0.0,0.0,0,-0.02337881149850591,3.7255716961226426e-05,9.182570920529542e-06,0.628219399685314,0.0,4.526,4.526,42,0.0
1998-09-23 09:53:00,100000.0,0.0,0.0,0,-0.02256301491851491,3.832194488495588e-05,9.443751878279727e-06,0.7866057330095767,0.0,4.4886,4.4886,11,0.0
1998-09-23 10:21:00,100000.0,0.0,0.0,0,-0.02306058683733727,4.3369051127228886e-05,9.998339010053314e-06,0.5729027980430635,0.0,4.4886,4.4886,42,0.0
1998-09-23 10:25:00,100000.0,0.0,0.0,0,-0.022674901770179078,4.791090395883657e-05,9.111941835726611e-06,0.5857105449754,0.0,4.4886,4.4886,11,0.0
1998-09-23 11:58:00,100000.0,0.0,0.0,0,-0.021320507436567368,4.0353443182539195e-05,1.0815571840794291e-05,1.1351191008152104,0.0,4.5634,4.5634,54,0.0
1998-09-23 11:59:00,100000.0,0.0,0.0,0,-0.022829643431569367,4.533193168754224e-05,8.315607374242973e-06,0.5667440899165772,0.0,4.5634,4.5634,32,0.0
1998-09-23 12:35:00,100000.0,0.0,0.0,0,-0.02278186282618708,4.668720794143155e-05,8.904948117560707e-06,0.5724972176916603,0.0,4.5634,4.5634,32,0.0
1998-09-23 14:10:00,100000.0,0.0,0.0,0,-0.022645358730906538,3.845342143904418e-05,6.6411921579856426e-06,0.5118346855656909,0.0,4.526,4.526,32,0.0
1998-09-23 14:50:00,100000.0,0.0,0.0,0,-0.022590809529165652,3.87868749385234e-05,5.922382797507453e-06,0.4629296845363651,0.0,4.526,4.526,32,0.0
1998-09-23 15:08:00,100000.0,0.0,0.0,0,-0.022924511511328547,3.8299707739497535e-05,7.143317588997888e-06,0.5375658291520922,0.0,4.5634,4.5634,32,0.0
1998-09-23 15:46:00,100000.0,0.0,0.0,0,-0.022616187228223224,3.880467374983709e-05,5.939185712122708e-06,0.45447574833371507,0.0,4.526,4.526,32,0.0
1998-09-24 11:12:00,100000.0,0.0,0.0,0,-0.02261458798438116,3.8064208638388664e-05,6.514289452752564e-06,0.5077094944536459,0.0,4.526,4.4886,32,0.0
1998-09-24 14:23:00,100000.0,0.0,0.0,0,-0.023092321683171123,3.255099909438286e-05,6.087025667511625e-06,0.515499363664413,0.0,4.5634,4.5634,29,0.0
1998-09-24 15:31:00,100000.0,0.0,0.0,0,-0.022999092099590144,3.548839049472008e-05,6.719716338920989e-06,0.5159874390640365,0.0,4.526,4.526,29,0.0
1998-09-25 10:46:00,100000.0,0.0,0.0,0,-0.022322160273134158,3.9151200326159596e-05,6.720108103763778e-06,0.5219108468008781,0.0,4.4138,4.4138,24,0.0
1998-09-25 12:47:00,100000.0,0.0,0.0,0,-0.021210326038808944,4.307484778109938e-05,1.06877905636793e-05,1.0159649180042059,0.0,4.4138,4.4138,32,0.0
1998-09-25 15:09:00,100000.0,0.0,0.0,0,-0.022826988021361558,4.050807001476642e-05,7.62728336667351e-06,0.5517457729489701,0.0,4.4512,4.4512,32,0.0
1998-09-28 11:00:00,100000.0,0.0,0.0,0,-0.02243921750686286,4.1012041037902236e-05,6.773234645152115e-06,0.5050266927732516,0.0,4.4138,4.4138,42,0.0
1998-09-28 11:13:00,100000.0,0.0,0.0,0,-0.022831403520640833,4.045964669785462e-05,7.625715852555004e-06,0.550622516938277,0.0,4.4138,4.4138,34,0.0
1998-09-28 11:34:00,100000.0,0.0,0.0,0,-0.022831640693575992,4.0501388866687194e-05,7.633832410647301e-06,0.5508775459527139,0.0,4.4138,4.4138,24,0.0
1998-09-28 11:55:00,100000.0,0.0,0.0,0,-0.02189558087829073,3.922877658624202e-05,5.70889278606046e-06,0.6026628029068513,0.0,4.3764,4.3764,32,0.0
1998-09-28 12:07:00,100000.0,0.0,0.0,0,-0.021466045632942497,4.839168468606658e-05,8.547674042347353e-06,0.6580657968894839,0.0,4.4138,4.4138,10,0.0
1998-09-28 15:17:00,100000.0,0.0,0.0,0,-0.02137623461748308,4.363359767012298e-05,1.1016512871719897e-05,0.5649772516549214,0.0,4.339,4.339,24,0.0
1998-09-28 15:47:00,100000.0,0.0,0.0,0,-0.02072980974898246,5.180983498576097e-05,1.9560060536605306e-05,0.948690177710744,0.0,4.1893,4.1893,63,0.0
1998-09-29 09:55:00,100000.0,0.0,0.0,0,-0.020484692981508942,5.140242137713358e-05,1.7188389392686076e-05,0.8780777935067288,0.0,4.1893,4.1893,46,0.0
1998-09-29 11:07:00,100000.0,0.0,0.0,0,-0.022065290486889808,4.446374987310264e-05,1.1201776260350016e-05,0.424393318058682,0.0,4.2267,4.2267,57,0.0
1998-09-29 12:36:00,100000.0,0.0,0.0,0,-0.0223344123236443,4.868685391556937e-05,1.3607800156023586e-05,0.7358702116659717,0.0,4.2641,4.2641,57,0.0
1998-09-29 13:15:00,100000.0,0.0,0.0,0,-0.020464518671897622,5.2141796913929284e-05,1.836943374655675e-05,0.8558411601803729,0.0,4.2267,4.1893,57,0.0
1998-09-29 14:41:00,100000.0,0.0,0.0,0,-0.020460639364128383,5.3001327614765614e-05,1.797923687263392e-05,0.8619403956050263,0.0,4.1145,4.1145,46,0.0
1998-09-29 15:03:00,100000.0,0.0,0.0,0,-0.020461169170258017,5.2931827667634934e-05,1.796143624233082e-05,0.8639510924631026,0.0,4.1145,4.0771,46,0.0
1998-09-30 09:32:00,100000.0,0.0,0.0,0,-0.022348454889097865,3.5733977711061016e-05,1.203277861350216e-05,0.7307701237835312,0.0,4.1893,4.1893,57,0.0
1998-09-30 09:33:00,100000.0,0.0,0.0,0,-0.022325402479864805,3.575385380827356e-05,1.2015540278298431e-05,0.7335495044261728,0.0,4.1893,4.1893,57,0.0
1998-09-30 09:48:00,100000.0,0.0,0.0,0,-0.02172607258816288,3.8982185287750326e-05,4.989871968064108e-06,0.21138132114315944,0.0,4.1893,4.1893,10,0.0
1998-09-30 10:55:00,100000.0,0.0,0.0,0,-0.02224743589739819,3.906579331669491e-05,5.2825726015726104e-06,0.21893185885173272,0.0,4.1893,4.1893,10,0.0
1998-09-30 11:17:00,100000.0,0.0,0.0,0,-0.02258200514314967,4.3751659177360125e-05,9.949525065167109e-06,0.6425602020197493,0.0,4.1893,4.1893,57,0.0
1998-09-30 11:31:00,100000.0,0.0,0.0,0,-0.022841893126124432,3.3378413718310185e-05,5.665441676683258e-06,0.269711685964972,0.0,4.3016,4.339,12,0.0
1998-09-30 11:36:00,100000.0,0.0,0.0,0,-0.022890630074644376,3.323574492242187e-05,5.704178875021171e-06,0.26108658546164926,0.0,4.339,4.339,50,0.0
1998-09-30 11:47:00,100000.0,0.0,0.0,0,-0.023094663230395326,3.284110425738618e-05,6.247117653401801e-06,0.6672836507191244,0.0,4.339,4.339,50,0.0
1998-09-30 12:10:00,100000.0,0.0,0.0,0,-0.02293226908713268,3.126047886325978e-05,5.514562531061529e-06,0.5871958596844691,0.0,4.339,4.339,50,0.0
1998-09-30 13:18:00,100000.0,0.0,0.0,0,-0.022393637768064308,3.8637947000097483e-05,5.463012939799228e-06,0.641479236043158,0.0,4.3764,4.3764,32,0.0
1998-09-30 14:02:00,100000.0,0.0,0.0,0,-0.023887648775226353,3.082054354308639e-05,7.2079769779520575e-06,0.717633828190287,0.0,4.4512,4.4512,49,0.0
1998-09-30 14:13:00,100000.0,0.0,0.0,0,-0.02369992293514815,3.936697612516582e-05,1.0143547115148976e-05,0.8761637748178012,0.0,4.4512,4.4512,50,0.0
1998-09-30 14:15:00,100000.0,0.0,0.0,0,-0.02371688627735284,3.918695074389689e-05,1.0117159945366438e-05,0.8944579482425958,0.0,4.4512,4.4512,50,0.0
1998-09-30 14:16:00,100000.0,0.0,0.0,0,-0.022549068712206008,3.206997280358337e-05,7.109973921615165e-06,0.7779873683177092,0.0,4.4512,4.4512,3,0.0
1998-09-30 14:24:00,100000.0,0.0,0.0,0,-0.022127942309989976,4.117444404982962e-05,1.2588651770784054e-05,0.7999789299643261,0.0,4.4138,4.4138,61,0.0
1998-09-30 14:29:00,100000.0,0.0,0.0,0,-0.02201223617866208,3.797020508500282e-05,5.648309297612286e-06,0.4474748826270843,0.0,4.3016,4.3016,10,0.0
1998-10-01 10:12:00,100000.0,0.0,0.0,0,-0.021912793453330325,4.280026041669771e-05,5.83159749112383e-06,0.6498630249525688,0.0,4.1519,4.1519,24,0.0
1998-10-01 11:03:00,100000.0,0.0,0.0,0,-0.021132280242264188,4.624238863470964e-05,1.1780785825976636e-05,0.652884082863153,0.0,4.1145,4.1145,24,0.0
1998-10-01 11:29:00,100000.0,0.0,0.0,0,-0.02163360635003346,4.30325380875729e-05,1.1716526842064923e-05,0.6572604348812885,0.0,4.0771,4.0771,48,0.0
1998-10-01 14:36:00,100000.0,0.0,0.0,0,-0.020478954986711415,5.144130045664497e-05,1.7314656361122616e-05,0.8838647989700277,0.0,4.0771,4.0771,46,0.0
1998-10-02 09:48:00,100000.0,0.0,0.0,0,-0.02053093244884667,4.955615440849215e-05,1.8039931092062034e-05,0.9478129186195663,0.0,4.0397,4.0397,46,0.0
1998-10-02 10:21:00,100000.0,0.0,0.0,0,-0.02041282177068797,4.9418147682445124e-05,1.8749407900031656e-05,1.0114112418112715,0.0,3.9275,3.9275,26,0.0
1998-10-02 10:35:00,100000.0,0.0,0.0,0,-0.02058955000810829,5.326521932147443e-05,1.8127817384083755e-05,0.9676741960896615,0.0,3.9275,3.9275,46,0.0
1998-10-02 10:43:00,100000.0,0.0,0.0,0,-0.020734335394618483,5.530671842279844e-05,1.6841577235027216e-05,0.9934800000563582,0.0,3.8901,3.8901,46,0.0
1998-10-02 11:16:00,100000.0,0.0,0.0,0,-0.020664807042149277,5.2383154979906976e-05,1.645486736379098e-05,0.9924821592223539,0.0,3.8901,3.8901,46,0.0
1998-10-02 11:21:00,100000.0,0.0,0.0,0,-0.02075202493560073,5.455497375805862e-05,1.845568658609409e-05,0.8882996050413021,0.0,3.8901,3.8901,46,0.0
1998-10-02 11:23:00,100000.0,0.0,0.0,0,-0.02067126727760342,5.187799615669064e-05,1.4939391803636681e-05,0.8871452238992177,0.0,3.8901,3.8901,46,0.0
1998-10-02 11:37:00,100000.0,0.0,0.0,0,-0.02056419579875228,4.96022985316813e-05,1.5815103324712254e-05,0.8198407177132195,0.0,3.9275,3.9275,46,0.0
1998-10-02 12:50:00,100000.0,0.0,0.0,0,-0.021141962829088243,4.528803765424527e-05,1.2336487088759895e-05,1.0250976759275485,0.0,3.7405,3.7405,16,0.0
1998-10-02 15:05:00,100000.0,0.0,0.0,0,-0.021088108053473206,4.4969467126065865e-05,1.650187186896801e-05,1.0832569107617998,0.0,3.7405,3.7405,46,0.0
1998-10-02 15:08:00,100000.0,0.0,0.0,0,-0.02111756293433291,5.609646177617833e-05,1.8179203834733926e-05,1.08418031598484,0.0,3.7405,3.7405,46,0.0
1998-10-02 15:12:00,100000.0,0.0,0.0,0,-0.0215234731263904,3.8614940422121435e-05,7.61385081204935e-06,0.8934344451128343,0.0,3.7405,3.7405,46,0.0
1998-10-02 15:15:00,100000.0,0.0,0.0,0,-0.021536190219731452,3.8677822885802016e-05,7.615668891958194e-06,0.8850407336703835,0.0,3.7405,3.7405,41,0.0
1998-10-02 15:18:00,100000.0,0.0,0.0,0,-0.02160626924577673,4.0614417230244726e-05,6.878281965327915e-06,1.08919141767546,0.0,3.7405,3.7405,41,0.0
1998-10-02 15:34:00,100000.0,0.0,0.0,0,-0.021382216462907763,4.9323003622703254e-05,7.967287274368573e-06,0.9691002429056745,0.0,3.7405,3.7405,41,0.0
1998-10-02 15:42:00,100000.0,0.0,0.0,0,-0.02090775231462476,5.2352821512613446e-05,1.7616488548810594e-05,0.7975924833566344,0.0,3.7405,3.7405,41,0.0
1998-10-02 15:45:00,100000.0,0.0,0.0,0,-0.02173964054653925,4.931802686769515e-05,3.1487183150602505e-05,1.8079709891818767,0.0,3.7405,3.7405,41,0.0
1998-10-02 15:46:00,100000.0,0.0,0.0,0,-0.021394454914653124,3.7408586649689823e-05,6.709735771437408e-06,0.9198910271063824,0.0,3.7405,3.7405,41,0.0
1998-10-05 12:03:00,100000.0,0.0,0.0,0,-0.021384586969898464,5.000497912988067e-05,8.312439604196697e-06,0.9246652878269426,0.0,3.5909,3.5909,41,0.0
1998-10-05 13:24:00,100000.0,0.0,0.0,0,-0.02178419533865099,4.2156978452112526e-05,7.97629400040023e-06,1.1566554201369108,0.0,3.5535,3.5535,41,0.0
1998-10-05 15:40:00,100000.0,0.0,0.0,0,-0.021556836913614916,4.8380174121120945e-05,1.8120825188816525e-05,1.4607232672703356,0.0,3.4786,3.4786,46,0.0
1998-10-06 09:32:00,100000.0,0.0,0.0,0,-0.021837087446866008,3.94203161704354e-05,8.45061458676355e-06,1.1755254457063313,0.0,3.5161,3.5161,41,0.0
1998-10-06 09:36:00,100000.0,0.0,0.0,0,-0.021338391216514083,4.6930181269999593e-05,2.0434619727893732e-05,1.1518232958474284,0.0,3.4412,3.4038,46,0.0
1998-10-06 09:37:00,100000.0,0.0,0.0,0,-0.021528049296276094,4.369458110886626e-05,1.742857239150908e-05,1.060807267659575,0.0,3.4786,3.4786,27,0.0
1998-10-06 10:12:00,100000.0,0.0,0.0,0,-0.022922244620522635,3.6597104553948157e-05,1.235102718055714e-05,0.6652623699737711,0.0,3.5535,3.5535,27,0.0
1998-10-06 10:53:00,100000.0,0.0,0.0,0,-0.021535740973004522,3.845094397547655e-05,7.537193596363068e-06,0.854349107205428,0.0,3.5161,3.5535,12,0.0
1998-10-06 11:00:00,100000.0,0.0,0.0,0,-0.02222887957449575,6.181520438985899e-05,5.084638178232126e-05,2.027209104872594,0.0,3.5161,3.5161,6,0.0
1998-10-06 11:26:00,100000.0,0.0,0.0,0,-0.022374608590135268,4.4575572246685624e-05,1.1890790574398125e-05,0.7134022571308934,0.0,3.5909,3.5909,12,0.0
1998-10-06 11:30:00,100000.0,0.0,0.0,0,-0.022380427730777683,4.020122651127167e-05,9.925970516633242e-06,0.8509783576905394,0.0,3.5909,3.5909,12,0.0
1998-10-06 12:29:00,100000.0,0.0,0.0,0,-0.023398494097446473,4.101665399502963e-05,9.808057257032488e-06,0.7737237151897897,0.0,3.6657,3.7031,4,0.0
1998-10-06 12:32:00,100000.0,0.0,0.0,0,-0.02312220514849332,3.943116098525934e-05,1.4236202332540415e-05,0.7781106665069869,0.0,3.6657,3.6657,12,0.0
1998-10-07 09:35:00,100000.0,0.0,0.0,0,-0.023493400007819673,3.645754804892931e-05,7.083144055286539e-06,0.2864049504415326,0.0,3.6283,3.6283,12,0.0
1998-10-07 11:06:00,100000.0,0.0,0.0,0,-0.02235103061701966,3.096174441452604e-05,6.714246183037176e-06,0.5308963733379978,0.0,3.5909,3.5909,57,0.0
1998-10-07 11:07:00,100000.0,0.0,0.0,0,-0.022828062937870073,3.298688170616515e-05,5.167191829968942e-06,0.15119320707160774,0.0,3.5909,3.5909,12,0.0
1998-10-07 15:48:00,100000.0,0.0,0.0,0,-0.021790708757353512,4.325456393416971e-05,1.162582589131489e-05,0.5657835091617706,0.0,3.5161,3.5161,1,0.0
1998-10-08 09:49:00,100000.0,0.0,0.0,0,-0.021742782945321323,4.146353603573516e-05,8.175135008059442e-06,1.0491336823915043,0.0,3.4786,3.4412,31,0.0
1998-10-08 10:07:00,100000.0,0.0,0.0,0,-0.023054276061694055,3.95579008909408e-05,7.226561820061761e-06,0.4277573162129143,0.0,3.5161,3.5161,57,0.0
1998-10-08 10:13:00,100000.0,0.0,0.0,0,-0.021426974119631723,5.224046981311403e-05,1.3027600743953371e-05,0.6206330071454738,0.0,3.4412,3.4412,26,0.0
1998-10-08 10:38:00,100000.0,0.0,0.0,0,-0.022594222008583985,3.651521910796873e-05,1.1013914900104282e-05,0.5450379132342488,0.0,3.4786,3.4786,1,0.0
1998-10-08 12:01:00,100000.0,0.0,0.0,0,-0.02126788439326492,4.8032448830781505e-05,2.012468576140236e-05,1.3149441411686869,0.0,3.329,3.2916,63,0.0
1998-10-08 12:18:00,100000.0,0.0,0.0,0,-0.02203303164550607,5.252771916275378e-05,1.0191930414293893e-05,0.7006569519363913,0.0,3.329,3.329,2,0.0
1998-10-08 13:16:00,100000.0,0.0,0.0,0,-0.020872612931807907,4.07332117902115e-05,2.0241002857801504e-05,1.1259141417461673,0.0,3.142,3.142,63,0.0
1998-10-08 13:33:00,100000.0,0.0,0.0,0,-0.021270527952392967,4.759370494866744e-05,2.1553320038947277e-05,1.3799364101131566,0.0,3.1046,3.142,63,0.0
1998-10-08 14:18:00,100000.0,0.0,0.0,0,-0.02220897363130507,4.992820686311461e-05,2.0250467059668154e-05,1.594893836346582,0.0,2.9924,2.9924,23,0.0
1998-10-08 14:25:00,100000.0,0.0,0.0,0,-0.0223898634254424,4.723779056803323e-05,1.1237768376304302e-05,1.370894917580536,0.0,2.955,2.955,23,0.0
1998-10-08 14:26:00,100000.0,0.0,0.0,0,-0.022374305012445347,4.718533455161378e-05,1.1231756616325583e-05,1.3470244471636708,0.0,2.955,2.955,23,0.0
1998-10-08 14:32:00,100000.0,0.0,0.0,0,-0.022545020893258425,5.077285459265113e-05,1.0551793820923194e-05,1.5980910807618296,0.0,2.9176,2.9176,62,0.0
1998-10-08 15:04:00,100000.0,0.0,0.0,0,-0.021521673287307294,4.447264291229658e-05,6.9239836193446536e-06,1.4084904946990415,0.0,2.8802,2.9176,63,0.0
1998-10-08 15:24:00,100000.0,0.0,0.0,0,-0.02133118796026838,3.8570109609281644e-05,9.170655175694264e-06,1.2432436655173176,0.0,2.955,2.955,63,0.0
1998-10-08 15:25:00,100000.0,0.0,0.0,0,-0.020869973912877413,4.406685184221715e-05,1.9954000890720636e-05,1.2860137684479704,0.0,2.955,2.955,63,0.0
1998-10-08 15:30:00,100000.0,0.0,0.0,0,-0.021107442368329885,4.8086738388519734e-05,1.7567097529536113e-05,1.289510048514377,0.0,2.955,2.955,46,0.0
1998-10-08 15:47:00,100000.0,0.0,0.0,0,-0.021713209175314205,4.513474050327204e-05,9.011243491841014e-06,1.281061624544824,0.0,2.955,2.955,9,0.0
1998-10-09 09:47:00,100000.0,0.0,0.0,0,-0.022568914334070087,3.8422533179982565e-05,7.612807394252741e-06,0.7104101562070426,0.0,3.142,3.142,21,0.0
1998-10-09 09:55:00,100000.0,0.0,0.0,0,-0.022264709171750382,3.821261452685576e-05,7.108628551577567e-06,0.5636954285516234,0.0,3.0298,3.0298,12,0.0
1998-10-09 14:11:00,100000.0,0.0,0.0,0,-0.021714019649689817,3.880009171552956e-05,5.83776488838339e-06,0.7066706613716467,0.0,2.9924,2.9924,41,0.0
1998-10-09 14:25:00,100000.0,0.0,0.0,0,-0.02169142949841489,3.64335355698131e-05,8.968346264737193e-06,1.1134205779060145,0.0,2.9924,2.9924,41,0.0
1998-10-09 15:00:00,100000.0,0.0,0.0,0,-0.022570119687398346,3.3372985853930004e-05,5.694458877769648e-06,0.6208664349232805,0.0,3.0298,3.0298,12,0.0
1998-10-09 15:23:00,100000.0,0.0,0.0,0,-0.021137446322054984,4.656870441976935e-05,7.99518238636665e-06,0.7974319092169352,0.0,2.9924,2.9924,10,0.0
1998-10-12 10:13:00,100000.0,0.0,0.0,0,-0.021631866800990336,3.851898145512678e-05,6.425736728488118e-06,0.6929776989682526,0.0,2.955,2.955,41,0.0
1998-10-12 10:40:00,100000.0,0.0,0.0,0,-0.02272144178258759,3.6556526538333856e-05,6.1001819631201215e-06,0.14171959621054347,0.0,2.9924,2.9924,57,0.0
1998-10-12 11:13:00,100000.0,0.0,0.0,0,-0.022211798472372264,3.6316421756055206e-05,5.05063417222118e-06,0.21967508705757982,0.0,2.9924,2.9924,10,0.0
1998-10-12 11:17:00,100000.0,0.0,0.0,0,-0.023420625465033026,3.651386214187369e-05,8.524243639840279e-06,0.7574807849013189,0.0,3.0672,3.0672,43,0.0
1998-10-12 11:30:00,100000.0,0.0,0.0,0,-0.022194341172681105,3.4380202123429626e-05,5.8844557315751445e-06,0.2290057425976154,0.0,2.9924,2.9924,31,0.0
1998-10-12 12:55:00,100000.0,0.0,0.0,0,-0.02247014066651036,3.653632302302867e-05,1.107952789425326e-05,0.579923015470836,0.0,2.955,2.955,1,0.0
1998-10-12 14:25:00,100000.0,0.0,0.0,0,-0.021929455888849134,4.256696411175653e-05,1.7798334738472477e-05,0.7595818088803047,0.0,2.8802,2.8802,1,0.0
1998-10-12 15:38:00,100000.0,0.0,0.0,0,-0.021845493183891902,5.068541759101208e-05,1.359816019430582e-05,0.6824537714723635,0.0,2.8802,2.8802,48,0.0
1998-10-13 09:32:00,100000.0,0.0,0.0,0,-0.021728847819568273,4.6117451347527094e-05,1.2129777132940944e-05,0.6302314774816159,0.0,2.8428,2.8428,48,0.0
1998-10-13 09:39:00,100000.0,0.0,0.0,0,-0.022543830305758548,4.7206252929754555e-05,9.074936315300874e-06,0.6171943586611187,0.0,2.9176,2.9176,42,0.0
1998-10-13 10:34:00,100000.0,0.0,0.0,0,-0.022314395029289245,4.747301136376336e-05,7.5518157700571464e-06,0.5025552622620395,0.0,2.9924,2.9924,32,0.0
1998-10-13 10:47:00,100000.0,0.0,0.0,0,-0.022643426047389312,3.6760926377610303e-05,1.1375570011296077e-05,0.5749350420063498,0.0,2.9176,2.9176,1,0.0
1998-10-13 10:52:00,100000.0,0.0,0.0,0,-0.02185986113599074,4.030986383440904e-05,8.68861116032349e-06,1.1224470321750546,0.0,2.768,2.768,2,0.0
1998-10-13 12:04:00,100000.0,0.0,0.0,0,-0.02126046827160326,4.774820990860462e-05,2.1677733457181603e-05,1.3558264265717974,0.0,2.6931,2.6931,63,0.0
1998-10-13 12:31:00,100000.0,0.0,0.0,0,-0.021128229197156997,5.840246012667194e-05,2.1375079086283222e-05,0.9846232979950829,0.0,2.6931,2.6931,63,0.0
1998-10-13 12:52:00,100000.0,0.0,0.0,0,-0.021695712330793412,5.680579852196388e-05,2.144813333870843e-05,0.7895300969584896,0.0,2.6931,2.6931,48,0.0
1998-10-13 14:31:00,100000.0,0.0,0.0,0,-0.02121272995699701,4.727864507003687e-05,2.1856511011719704e-05,1.4214030658085228,0.0,2.5435,2.5435,23,0.0
1998-10-13 14:51:00,100000.0,0.0,0.0,0,-0.02125096947983411,4.7524768888251856e-05,2.158210554625839e-05,1.370791340735653,0.0,2.5809,2.5809,63,0.0
1998-10-13 15:04:00,100000.0,0.0,0.0,0,-0.020859737280798527,4.097472265129909e-05,2.0222079911036417e-05,1.1085838811173676,0.0,2.6183,2.5809,26,0.0
1998-10-13 15:12:00,100000.0,0.0,0.0,0,-0.022468375897542955,4.29426108894404e-05,9.904354556056205e-06,1.6551283192147845,0.0,2.5435,2.5435,6,0.0
1998-10-13 15:14:00,100000.0,0.0,0.0,0,-0.021388304984239312,4.7726614866405725e-05,2.1400863261078484e-05,1.4888019719796175,0.0,2.5435,2.5435,63,0.0
1998-10-13 15:37:00,100000.0,0.0,0.0,0,-0.021068614307833286,5.83543733227998e-05,2.137021510861814e-05,0.9526225861294852,0.0,2.5435,2.5435,63,0.0
1998-10-13 15:42:00,100000.0,0.0,0.0,0,-0.022863984847017946,3.8094367482699454e-05,1.813685412344057e-05,0.9020728645441181,0.0,2.6183,2.6183,1,0.0
1998-10-13 15:45:00,100000.0,0.0,0.0,0,-0.021955967601198154,3.843126251013018e-05,1.1300248843326699e-05,1.7677092786381188,0.0,2.5435,2.5809,6,0.0
1998-10-14 11:14:00,100000.0,0.0,0.0,0,-0.022216040712183256,4.060339597344864e-05,1.0755862376754521e-05,0.2441815110144166,0.0,2.6183,2.6183,11,0.0
1998-10-14 11:38:00,100000.0,0.0,0.0,0,-0.02259951800932913,3.639575697889086e-05,6.138671551525476e-06,0.18717104936014342,0.0,2.6557,2.6557,50,0.0
1998-10-14 11:48:00,100000.0,0.0,0.0,0,-0.022212174252299974,3.9192362237372436e-05,8.926827604227583e-06,0.44952417755512597,0.0,2.6183,2.6183,10,0.0
1998-10-14 12:19:00,100000.0,0.0,0.0,0,-0.022762855235296683,5.224620326771401e-05,1.6786782907729503e-05,0.7490945842247898,0.0,2.6183,2.6183,1,0.0
1998-10-14 13:18:00,100000.0,0.0,0.0,0,-0.022867132135243537,3.804395237239078e-05,1.804168277885765e-05,0.8832802570524613,0.0,2.5809,2.5809,1,0.0
1998-10-14 13:25:00,100000.0,0.0,0.0,0,-0.02236316899633539,4.465642632567324e-05,7.585312687297119e-06,0.25246307950692193,0.0,2.5809,2.5809,10,0.0
1998-10-14 15:17:00,100000.0,0.0,0.0,0,-0.022876529821760867,4.6064864363870583e-05,1.4773511338717071e-05,0.735756699709421,0.0,2.6183,2.6183,29,0.0
1998-10-15 09:34:00,100000.0,0.0,0.0,0,-0.0224010155361525,3.2591446142760105e-05,5.046629212301923e-06,0.6747377484908799,0.0,2.6557,2.6557,29,0.0
1998-10-15 09:54:00,100000.0,0.0,0.0,0,-0.021198838815135332,4.316511331126094e-05,1.073837665899191e-05,1.0089749541433226,0.0,2.6183,2.5435,10,0.0
1998-10-15 12:36:00,100000.0,0.0,0.0,0,-0.021779439373304284,4.877464925812092e-05,8.943281045503682e-06,0.7396086197790149,0.0,2.5435,2.5435,10,0.0
1998-10-15 12:41:00,100000.0,0.0,0.0,0,-0.021791110327276784,3.892171116604004e-05,6.457580866481294e-06,0.6014041112764063,0.0,2.5435,2.5435,24,0.0
1998-10-15 13:03:00,100000.0,0.0,0.0,0,-0.02132892007338387,5.0353606638964266e-05,1.9868535673595034e-05,0.7749181555914308,0.0,2.5435,2.4687,48,0.0
1998-10-15 13:47:00,100000.0,0.0,0.0,0,-0.021618244689571384,4.660217382479459e-05,1.1856951914523961e-05,0.6399012373532829,0.0,2.5061,2.5061,24,0.0
1998-10-15 14:37:00,100000.0,0.0,0.0,0,-0.022062139569416557,4.227271165291313e-05,1.1437318335083546e-05,0.5136830017347194,0.0,2.5061,2.5061,1,0.0
1998-10-15 15:14:00,100000.0,0.0,0.0,0,-0.021161393710454376,2.611693889775779e-05,1.1271165021753404e-05,1.537708672442766,0.0,2.5061,2.5061,6,0.0
1998-10-16 09:33:00,100000.0,0.0,0.0,0,-0.02206536028151322,3.830116838798858e-05,1.2691463780356571e-05,1.184958839618891,0.0,2.5809,2.5809,6,0.0
1998-10-16 10:26:00,100000.0,0.0,0.0,0,-0.022922870161519768,4.389034438645467e-05,1.0025014489656314e-05,1.036262435161609,0.0,2.7305,2.6931,42,0.0
1998-10-16 10:57:00,100000.0,0.0,0.0,0,-0.023073350643781396,3.92938127333764e-05,8.265961696451996e-06,1.0414401327511096,0.0,2.768,2.768,49,0.0
1998-10-16 11:08:00,100000.0,0.0,0.0,0,-0.02113066152068359,5.192217213334516e-05,1.7957139789359644e-05,1.3767680383925904,0.0,2.8054,2.8428,51,0.0
1998-10-16 11:16:00,100000.0,0.0,0.0,0,-0.023568973112369804,3.997858220827766e-05,9.07752473722212e-06,0.5335419845704887,0.0,2.768,2.768,35,0.0
1998-10-16 11:23:00,100000.0,0.0,0.0,0,-0.02240958348246795,3.326812293380499e-05,1.1292243470961694e-05,0.7935542252751513,0.0,2.6931,2.6931,55,0.0
1998-10-16 11:30:00,100000.0,0.0,0.0,0,-0.022736447604066144,3.761049811146222e-05,1.120772094509448e-05,0.5143538284024707,0.0,2.6183,2.6183,43,0.0
1998-10-16 12:11:00,100000.0,0.0,0.0,0,-0.021941650699400725,4.562562025967054e-05,2.111117100866977e-05,1.3838699512400723,0.0,2.4687,2.4313,63,0.0
1998-10-16 12:12:00,100000.0,0.0,0.0,0,-0.021947010227986993,4.569547309074551e-05,2.1061880033812486e-05,1.37698661875871,0.0,2.3939,2.3939,63,0.0
1998-10-16 12:33:00,100000.0,0.0,0.0,0,-0.021140927431215914,4.251156860846095e-05,1.7990034393733367e-05,0.8331909772190055,0.0,2.3939,2.3939,63,0.0
1998-10-16 12:34:00,100000.0,0.0,0.0,0,-0.022215409070295664,4.919473940390162e-05,1.9795214029727504e-05,0.8334075044993796,0.0,2.4687,2.4687,56,0.0
1998-10-16 12:57:00,100000.0,0.0,0.0,0,-0.02151296670180318,4.9226942792302e-05,1.9523780792951584e-05,0.7564608841111219,0.0,2.4313,2.4313,56,0.0
1998-10-16 13:01:00,100000.0,0.0,0.0,0,-0.022489266726725417,4.012076897197403e-05,1.2186128060420742e-05,0.6265740281056955,0.0,2.5061,2.5061,1,0.0
1998-10-16 13:33:00,100000.0,0.0,0.0,0,-0.02209239660132016,5.1565279136411846e-05,1.8145443391404115e-05,1.3926532950076274,0.0,2.4313,2.3939,30,0.0
1998-10-16 13:50:00,100000.0,0.0,0.0,0,-0.021899078460219698,4.9019108701031655e-05,2.3160297132562846e-05,1.3762908497862851,0.0,2.3565,2.3565,63,0.0
1998-10-16 14:23:00,100000.0,0.0,0.0,0,-0.022422451508273752,4.351194729679264e-05,9.088190381589811e-06,1.3086949807495782,0.0,2.3191,2.3191,30,0.0
1998-10-16 14:34:00,100000.0,0.0,0.0,0,-0.0217602985036051,4.1584724385757e-05,1.983812398975715e-05,1.1329376435931904,0.0,2.2443,2.2443,63,0.0
1998-10-16 14:45:00,100000.0,0.0,0.0,0,-0.022160723103834698,4.8363875976065174e-05,2.1000365450163372e-05,1.3910709543326403,0.0,2.2443,2.2443,63,0.0
1998-10-16 14:46:00,100000.0,0.0,0.0,0,-0.022160079493360626,3.390834899619222e-05,5.551880803977838e-06,0.6081245280860395,0.0,2.2443,2.2817,2,0.0
1998-10-16 15:28:00,100000.0,0.0,0.0,0,-0.02343674804559714,3.325358375150245e-05,6.677748615402379e-06,0.48093255450243794,0.0,2.4313,2.4313,17,0.0
1998-10-16 15:32:00,100000.0,0.0,0.0,0,-0.02241948415447996,3.429448952374514e-05,1.2586837328854017e-05,0.6827301155210885,0.0,2.4313,2.3939,2,0.0
1998-10-19 09:44:00,100000.0,0.0,0.0,0,-0.022078925125779733,3.9941158320289105e-05,1.060044905898394e-05,1.022715406583272,0.0,2.6183,2.5809,45,0.0
1998-10-19 09:58:00,100000.0,0.0,0.0,0,-0.021740365988617213,5.3159328672336414e-05,9.320034223492257e-06,1.2852629376787126,0.0,2.6557,2.5809,42,0.0
1998-10-19 10:17:00,100000.0,0.0,0.0,0,-0.019029716827017637,6.92756220814772e-05,3.536399526637979e-05,2.67025801069773,0.0,2.8054,2.8428,40,0.0
1998-10-19 10:19:00,100000.0,0.0,0.0,0,-0.01974116997425017,7.094020111253485e-05,2.675123505468946e-05,2.3271450504827573,0.0,2.768,2.768,40,0.0
1998-10-19 10:20:00,100000.0,0.0,0.0,0,-0.020633930439171763,5.465758658829145e-05,2.5412646209588274e-05,1.5802351558188297,0.0,2.8428,2.8428,51,0.0
1998-10-19 10:48:00,100000.0,0.0,0.0,0,-0.018969603680116506,6.721701356582344e-05,2.1619463950628415e-05,2.242369840595462,0.0,2.768,2.8054,5,0.0
1998-10-19 10:55:00,100000.0,0.0,0.0,0,-0.01898392974962053,6.73401154926978e-05,2.1353191186790355e-05,2.211456779020925,0.0,2.768,2.8054,5,0.0
1998-10-19 11:01:00,100000.0,0.0,0.0,0,-0.019706320814830633,5.3404979553306475e-05,2.128925916622393e-05,1.764294374516657,0.0,2.8428,2.8428,5,0.0
1998-10-19 11:02:00,100000.0,0.0,0.0,0,-0.020035071630073162,4.9682035751175135e-05,2.0690387827926315e-05,2.434581208707128,0.0,2.8428,2.9176,5,0.0
1998-10-19 11:03:00,100000.0,0.0,0.0,0,-0.020305753667881163,6.810091144870967e-05,2.603618850116618e-05,2.6290267963575893,0.0,2.8428,2.955,51,0.0
1998-10-19 11:24:00,100000.0,0.0,0.0,0,-0.019144128408325287,7.688719779253006e-05,4.169436215306632e-05,3.181404453221179,0.0,3.0672,3.0672,40,0.0
1998-10-19 11:27:00,100000.0,0.0,0.0,0,-0.0197451991085386,9.166226664092392e-05,6.652224692516029e-05,3.5582385001330294,0.0,3.2168,3.2168,28,0.0
1998-10-19 11:29:00,100000.0,0.0,0.0,0,-0.01910667806495485,9.355659130960703e-05,6.371711060637608e-05,4.006281468114995,0.0,3.2916,3.2916,13,0.0
1998-10-19 11:33:00,100000.0,0.0,0.0,0,-0.0191674564090049,9.497778228251263e-05,6.653209857176989e-05,4.0595213257230505,0.0,3.3664,3.3664,28,0.0
1998-10-19 11:39:00,100000.0,0.0,0.0,0,-0.01914668838125226,9.37561781029217e-05,6.25214452156797e-05,4.109389902930493,0.0,3.3664,3.3664,13,0.0
1998-10-19 11:47:00,100000.0,0.0,0.0,0,-0.02048796052676198,6.88307627569884e-05,2.6918087314697914e-05,2.2640107229749176,0.0,3.2542,3.2542,51,0.0
1998-10-19 11:52:00,100000.0,0.0,0.0,0,-0.021066046884325715,7.838349847588688e-05,1.836273258959409e-05,2.19737446807101,0.0,3.2168,3.1794,35,0.0
1998-10-19 11:53:00,100000.0,0.0,0.0,0,-0.021838113080403218,5.4133328376337886e-05,1.0978159480146132e-05,0.9369651408145045,0.0,3.1794,3.142,35,0.0
1998-10-19 12:08:00,100000.0,0.0,0.0,0,-0.023643081441505728,3.9264446968445554e-05,9.750188155521755e-06,0.5040805061415656,0.0,3.0672,3.0672,12,0.0
1998-10-19 12:20:00,100000.0,0.0,0.0,0,-0.023635633468612013,3.916149944416247e-05,9.692793582871673e-06,0.5021322051241239,0.0,3.1046,3.0672,12,0.0
1998-10-19 12:26:00,100000.0,0.0,0.0,0,-0.022265561998020076,3.969539648096543e-05,6.609563570236787e-06,0.6874329490239955,0.0,3.0672,3.0672,12,0.0
1998-10-19 12:43:00,100000.0,0.0,0.0,0,-0.022789302846459122,4.7861423809081316e-05,1.1517924576764926e-05,0.7626692227284176,0.0,3.1046,3.1046,21,0.0
1998-10-19 12:46:00,100000.0,0.0,0.0,0,-0.02351571312882743,3.764103621506365e-05,9.729246585266083e-06,0.5441684823495926,0.0,3.142,3.142,59,0.0
1998-10-19 13:25:00,100000.0,0.0,0.0,0,-0.022912933830039492,3.389886023796862e-05,6.480596084657009e-06,0.6894240451001227,0.0,3.142,3.142,12,0.0
1998-10-19 13:27:00,100000.0,0.0,0.0,0,-0.022106423694813658,3.7633559259120375e-05,6.003270641485869e-06,0.6338339036168184,0.0,3.142,3.142,12,0.0
1998-10-19 13:28:00,100000.0,0.0,0.0,0,-0.02264461064895886,3.688264769152738e-05,6.756725611012371e-06,0.7305998272112536,0.0,3.1794,3.2168,35,0.0
1998-10-19 13:32:00,100000.0,0.0,0.0,0,-0.02265223989797096,3.198714603058761e-05,5.3883535429122276e-06,0.7238119896029772,0.0,3.2168,3.2168,35,0.0
1998-10-19 13:37:00,100000.0,0.0,0.0,0,-0.021901256358060436,4.6414606913458556e-05,1.2856149623985402e-05,0.8792597681764609,0.0,3.2542,3.2916,35,0.0
1998-10-19 13:39:00,100000.0,0.0,0.0,0,-0.022000555999139124,4.606317088473588e-05,1.2908721146231983e-05,1.0255109782049494,0.0,3.2916,3.2916,35,0.0
1998-10-19 13:44:00,100000.0,0.0,0.0,0,-0.02202156242546198,4.603285196935758e-05,1.2886372132925317e-05,0.933510400221857,0.0,3.2916,3.2916,35,0.0
1998-10-19 13:54:00,100000.0,0.0,0.0,0,-0.02170770645588209,6.350444164127111e-05,1.4097084203967825e-05,0.7877579016158002,0.0,3.2916,3.2916,49,0.0
1998-10-19 13:56:00,100000.0,0.0,0.0,0,-0.022423376893666955,3.208365887985565e-05,1.025003530230606e-05,0.8315897335998004,0.0,3.2916,3.2916,54,0.0
1998-10-19 14:26:00,100000.0,0.0,0.0,0,-0.022628227463965686,5.003546175430529e-05,8.21403409645427e-06,0.8014787591669156,0.0,3.329,3.329,35,0.0
1998-10-19 14:52:00,100000.0,0.0,0.0,0,-0.022513756394428583,3.175190431647934e-05,1.134837839344982e-05,0.825950887354832,0.0,3.2916,3.2916,54,0.0
1998-10-19 15:03:00,100000.0,0.0,0.0,0,-0.022174193520723293,3.956971340812743e-05,1.1766256648115814e-05,0.8298086646108531,0.0,3.2916,3.2916,54,0.0
1998-10-20 09:30:00,100000.0,0.0,0.0,0,-0.023066917988572185,3.0444360163528472e-05,5.680817821485107e-06,0.6914215629160333,0.0,3.329,3.329,3,0.0
1998-10-20 09:42:00,100000.0,0.0,0.0,0,-0.023010220848473636,3.0580872589780483e-05,5.619444664262119e-06,0.709846037017518,0.0,3.329,3.329,3,0.0
1998-10-20 09:49:00,100000.0,0.0,0.0,0,-0.02344625953682271,3.679302608361468e-05,8.604784852650482e-06,0.7614109948909954,0.0,3.4412,3.4412,49,0.0
1998-10-20 09:52:00,100000.0,0.0,0.0,0,-0.022837274690200957,5.84010558668524e-05,1.1338737749611028e-05,0.9590088076761851,0.0,3.5161,3.5161,49,0.0
1998-10-20 09:54:00,100000.0,0.0,0.0,0,-0.023756918246900113,3.902563912561163e-05,8.420720405410975e-06,0.8820145099096276,0.0,3.5161,3.5161,49,0.0
1998-10-20 10:13:00,100000.0,0.0,0.0,0,-0.022091553194141397,5.5266984418267384e-05,1.3488483091350645e-05,0.9891537570080532,0.0,3.5909,3.5909,35,0.0
1998-10-20 10:14:00,100000.0,0.0,0.0,0,-0.02172858865796161,6.23377418378368e-05,1.724454341456294e-05,1.5053983670815851,0.0,3.5909,3.5909,33,0.0
1998-10-20 10:15:00,100000.0,0.0,0.0,0,-0.022380346822129013,5.599753058049828e-05,1.4986978385422844e-05,1.2864250743208696,0.0,3.6657,3.6657,35,0.0
1998-10-20 10:20:00,100000.0,0.0,0.0,0,-0.02239452536431645,5.510286791832186e-05,1.502295708633028e-05,1.2808805796199771,0.0,3.7031,3.6657,33,0.0
1998-10-20 10:40:00,100000.0,0.0,0.0,0,-0.023920866061044307,3.8107813452370465e-05,1.1461381291155703e-05,0.781079145306971,0.0,3.5909,3.5909,4,0.0
1998-10-20 10:48:00,100000.0,0.0,0.0,0,-0.02313300710356134,3.826969077636022e-05,8.259249398179236e-06,0.7033820599748674,0.0,3.5909,3.5909,12,0.0
1998-10-20 10:55:00,100000.0,0.0,0.0,0,-0.022273723978824364,4.507119956542738e-05,1.9740107745747082e-05,1.0352091067355205,0.0,3.6657,3.6657,35,0.0
1998-10-20 11:15:00,100000.0,0.0,0.0,0,-0.023526357934852513,3.490154631435871e-05,9.76979936240241e-06,0.7618436231157499,0.0,3.6283,3.6283,4,0.0
1998-10-20 11:45:00,100000.0,0.0,0.0,0,-0.02344648610577724,3.0986402634880506e-05,8.491282642353326e-06,0.7460220435251878,0.0,3.5909,3.5909,12,0.0
1998-10-20 11:54:00,100000.0,0.0,0.0,0,-0.022613000822084815,3.495654709695373e-05,6.379594196914695e-06,0.6758450832161669,0.0,3.6283,3.6283,12,0.0
1998-10-20 12:49:00,100000.0,0.0,0.0,0,-0.022654003406742503,4.1853523725876585e-05,8.937789516494377e-06,0.565624474323853,0.0,3.5909,3.5909,12,0.0
1998-10-20 13:00:00,100000.0,0.0,0.0,0,-0.02230976980044079,4.553606777335517e-05,1.493416402809089e-05,1.117926239684434,0.0,3.5909,3.5909,12,0.0
1998-10-20 13:16:00,100000.0,0.0,0.0,0,-0.022052978940874254,3.875564652844332e-05,1.7714173736749217e-05,0.8580528181250607,0.0,3.5161,3.5161,57,0.0
1998-10-20 13:20:00,100000.0,0.0,0.0,0,-0.022479821019615428,3.487566391413566e-05,5.6029685993053135e-06,0.6763384405582995,0.0,3.6283,3.6283,4,0.0
1998-10-20 14:53:00,100000.0,0.0,0.0,0,-0.02244104774271409,4.391181573737413e-05,1.160855117632309e-05,0.3879331699658549,0.0,3.5535,3.5161,11,0.0
1998-10-20 14:54:00,100000.0,0.0,0.0,0,-0.022171051040450494,3.7801810321980156e-05,5.867742402188014e-06,0.414318372125634,0.0,3.5161,3.5161,11,0.0
1998-10-20 14:56:00,100000.0,0.0,0.0,0,-0.022866937042081644,3.712092620844487e-05,6.902947006892646e-06,0.5061692506832643,0.0,3.5161,3.5535,11,0.0
1998-10-20 15:05:00,100000.0,0.0,0.0,0,-0.022342666935392573,3.7747397072962485e-05,1.2087892400813871e-05,0.602031688892686,0.0,3.4786,3.4786,1,0.0
1998-10-20 15:14:00,100000.0,0.0,0.0,0,-0.022099874520509273,3.692140489874873e-05,1.087255895981798e-05,0.5666185658942896,0.0,3.4038,3.4038,1,0.0
1998-10-20 15:32:00,100000.0,0.0,0.0,0,-0.02215548233342861,3.70160851161927e-05,1.076939179256442e-05,0.5640112672991302,0.0,3.4412,3.4412,1,0.0
1998-10-21 11:43:00,100000.0,0.0,0.0,0,-0.022368927363814236,3.7807272747159004e-05,6.436910553020425e-06,0.5070184249880212,0.0,3.4412,3.4412,11,0.0
1998-10-21 11:46:00,100000.0,0.0,0.0,0,-0.021709000801538876,4.5060471165925264e-05,1.216227246914059e-05,0.5849891200088979,0.0,3.4038,3.3664,26,0.0
1998-10-21 11:54:00,100000.0,0.0,0.0,0,-0.022422119214561918,3.934201231459156e-05,6.8418430601013824e-06,0.5180685632049926,0.0,3.4038,3.4038,11,0.0
1998-10-21 11:56:00,100000.0,0.0,0.0,0,-0.022452608938138382,3.7251847970765084e-05,6.848096290923422e-06,0.6610974237130381,0.0,3.3664,3.3664,48,0.0
1998-10-21 12:09:00,100000.0,0.0,0.0,0,-0.023397453441967173,3.5158520404365845e-05,7.359194114542333e-06,0.4896813916366054,0.0,3.4412,3.4412,42,0.0
1998-10-21 12:24:00,100000.0,0.0,0.0,0,-0.022868359296799555,4.211036502965726e-05,8.291248832392739e-06,0.24856702319395338,0.0,3.4038,3.4038,42,0.0
1998-10-21 13:54:00,100000.0,0.0,0.0,0,-0.022935465558648956,3.875457696267404e-05,8.302267360704718e-06,0.2564555542140581,0.0,3.4038,3.4038,42,0.0
1998-10-21 14:39:00,100000.0,0.0,0.0,0,-0.022609747366905596,3.7619112845277414e-05,6.398186769729364e-06,0.5062422066342063,0.0,3.3664,3.4038,11,0.0
1998-10-21 15:08:00,100000.0,0.0,0.0,0,-0.021764743682970676,4.133441689191386e-05,1.1032047723347205e-05,0.5653859600153606,0.0,3.329,3.329,48,0.0
1998-10-21 15:49:00,100000.0,0.0,0.0,0,-0.021326976959781405,4.484777855395805e-05,1.1248151622567093e-05,0.5791826649898669,0.0,3.2916,3.2916,26,0.0
1998-10-22 09:32:00,100000.0,0.0,0.0,0,-0.020847132877489002,5.268291351967491e-05,1.857341339928098e-05,0.9591455065167037,0.0,3.1794,3.1794,46,0.0
1998-10-22 10:17:00,100000.0,0.0,0.0,0,-0.022708065097495365,4.003118192485999e-05,1.3137604810253833e-05,0.6956737699878279,0.0,3.2542,3.2542,1,0.0
1998-10-22 10:52:00,100000.0,0.0,0.0,0,-0.02172837598826891,4.227332101436332e-05,1.1217009614483686e-05,0.5835353918458739,0.0,3.2168,3.2168,24,0.0
1998-10-22 12:22:00,100000.0,0.0,0.0,0,-0.023303357051727744,4.7843062930041924e-05,1.1381444892322179e-05,0.8704847646988741,0.0,3.4038,3.4038,4,0.0
1998-10-22 14:15:00,100000.0,0.0,0.0,0,-0.023726763725963336,3.4891047107521445e-05,6.927076356078032e-06,0.4663686923032968,0.0,3.4038,3.4038,50,0.0
1998-10-22 14:22:00,100000.0,0.0,0.0,0,-0.022818559588441076,3.403149821679108e-05,5.908171715418575e-06,0.9205685184608652,0.0,3.4412,3.4412,29,0.0
1998-10-22 14:35:00,100000.0,0.0,0.0,0,-0.022589889453766318,4.3676987843355164e-05,8.217672075261362e-06,0.8219902419699767,0.0,3.4786,3.4786,35,0.0
1998-10-22 14:39:00,100000.0,0.0,0.0,0,-0.020886847382453652,4.0177379560191184e-05,1.4423161701415665e-05,1.659570084048767,0.0,3.5161,3.5909,45,0.0
1998-10-22 14:43:00,100000.0,0.0,0.0,0,-0.023648734284316106,3.8022493754397146e-05,8.722339771338739e-06,0.4627576719432593,0.0,3.5161,3.5161,17,0.0
1998-10-22 14:46:00,100000.0,0.0,0.0,0,-0.02343632407118139,3.677191125461832e-05,8.680145583639387e-06,0.884139181575399,0.0,3.5909,3.5161,43,0.0
1998-10-22 15:11:00,100000.0,0.0,0.0,0,-0.022850704012480946,4.77930334454868e-05,1.0983710126311053e-05,1.1829255252477429,0.0,3.5909,3.5535,7,0.0
1998-10-22 15:12:00,100000.0,0.0,0.0,0,-0.022117595723639624,4.7835081204539165e-05,9.10550352273276e-06,0.9571815470838653,0.0,3.5909,3.5909,7,0.0
1998-10-23 10:49:00,100000.0,0.0,0.0,0,-0.022966696371250237,3.640116847236641e-05,6.762420980521711e-06,0.5607442517892206,0.0,3.4786,3.4786,43,0.0
